-- phpMyAdmin SQL Dump
-- version 5.2.1
-- https://www.phpmyadmin.net/
--
-- Host: 127.0.0.1
-- Waktu pembuatan: 24 Jun 2025 pada 10.26
-- Versi server: 10.4.28-MariaDB
-- Versi PHP: 8.1.17

SET SQL_MODE = "NO_AUTO_VALUE_ON_ZERO";
START TRANSACTION;
SET time_zone = "+00:00";


/*!40101 SET @OLD_CHARACTER_SET_CLIENT=@@CHARACTER_SET_CLIENT */;
/*!40101 SET @OLD_CHARACTER_SET_RESULTS=@@CHARACTER_SET_RESULTS */;
/*!40101 SET @OLD_COLLATION_CONNECTION=@@COLLATION_CONNECTION */;
/*!40101 SET NAMES utf8mb4 */;

--
-- Database: `pmb_fikes_app`
--

-- --------------------------------------------------------

--
-- Struktur dari tabel `angkatan`
--

CREATE TABLE `angkatan` (
  `id_angkatan` int(20) NOT NULL,
  `tahun_angkatan` int(11) NOT NULL,
  `status_pendaftaran` enum('buka','tutup') DEFAULT 'tutup'
) ENGINE=InnoDB DEFAULT CHARSET=utf8mb4 COLLATE=utf8mb4_general_ci;

--
-- Dumping data untuk tabel `angkatan`
--

INSERT INTO `angkatan` (`id_angkatan`, `tahun_angkatan`, `status_pendaftaran`) VALUES
(1, 2022, 'tutup'),
(2, 2023, 'tutup'),
(3, 2024, 'tutup'),
(4, 2025, 'buka');

-- --------------------------------------------------------

--
-- Struktur dari tabel `dokumen_pendaftaran`
--

CREATE TABLE `dokumen_pendaftaran` (
  `id` bigint(20) NOT NULL,
  `id_pendaftaran` bigint(20) NOT NULL,
  `user_id` char(9) NOT NULL,
  `ijazah` varchar(255) NOT NULL,
  `skhu` varchar(255) NOT NULL,
  `nilai_rapot` varchar(255) NOT NULL,
  `sertifikat` varchar(255) NOT NULL,
  `ktp` varchar(255) NOT NULL,
  `kk` varchar(255) NOT NULL,
  `foto` varchar(255) NOT NULL,
  `dokumen_lain` varchar(255) NOT NULL
) ENGINE=InnoDB DEFAULT CHARSET=utf8mb4 COLLATE=utf8mb4_unicode_ci;

--
-- Dumping data untuk tabel `dokumen_pendaftaran`
--

INSERT INTO `dokumen_pendaftaran` (`id`, `id_pendaftaran`, `user_id`, `ijazah`, `skhu`, `nilai_rapot`, `sertifikat`, `ktp`, `kk`, `foto`, `dokumen_lain`) VALUES
(4, 12, 'FKS000011', '1747789962408-DSS-2 Manajemen Keputusan f1q_24.pdf', '1747789962414-DSS-2 Manajemen Keputusan f1q_24.pdf', '1747789962420-DSS-2 Manajemen Keputusan f1q_24.pdf', '1747789962424-DSS-2 Manajemen Keputusan f1q_24.pdf', '1747789962429-DSS-2 Manajemen Keputusan f1q_24.pdf', '1747789962434-DSS-2 Manajemen Keputusan f1q_24.pdf', '1747789962440-DSS-2 Manajemen Keputusan f1q_24.pdf', '1747789962444-DSS-2 Manajemen Keputusan f1q_24.pdf'),
(15, 13, 'FKS000010', '1749605137747-PEMATERIAN dan TUGAS TECHNOPRENEUR - 2.pdf', '1749605137751-PEMATERIAN dan TUGAS TECHNOPRENEUR-1.pdf', '1749605137753-Strategi-Pemasaran-Produk-Barang-Vegetable-Farm-dan-Jasa-WebDevID.pdf', '1749605137778-TGS1_ArifMaulana_TP.pdf', '1749605137781-TGS2_ArifMaulana_TP.pdf', '1749605137783-contoh.pdf', '1749605137786-Screenshot 2025-05-27 050900.png', '1749605137790-Keamanan_Sistem_Informasi.pdf'),
(16, 15, 'FKS000014', '1750148437994-TGS1_ArifMaulana_TP.pdf', '1750148438001-PEMATERIAN dan TUGAS TECHNOPRENEUR-1.pdf', '1750148438004-TUGAS ANALISIS PERANCANGAN SISTEM INFORMASI.pdf', '1750148438006-TGS_Arif Maulana_Kriptografi.pdf', '1750148438008-APSI_10Juni_25.pdf', '1750148438012-APSI_3Juni25.pdf', '1750148438014-Screenshot 2025-05-27 050900.png', '1750148438019-UTS TECHNO_M. Taufiq.pdf'),
(17, 16, 'FKS000015', '1750155221841-1. PENGANTAR SI.pdf', '1750155221850-2. PRINSIP DASAR ANALISIS SI.pdf', '1750155221853-3. IDENTIFIKASI MASALAH SI.pdf', '1750155221856-4. PENGOLAHAN ANALISIS SI.pdf', '1750155221858-5. ANALISIS KELEMAHAN SI.pdf', '1750155221861-6. ANALISIS SWOT SI.pdf', '1750155221863-blue-box-wallpaper-v0-tme98xwodd0e1.jpeg', '1750155221865-7. ANALISIS PIECES.pdf'),
(18, 19, 'FKS000016', '1750206001289-1. PENGANTAR SI.pdf', '1750206001296-2. PRINSIP DASAR ANALISIS SI.pdf', '1750206001299-3. IDENTIFIKASI MASALAH SI.pdf', '1750206001302-4. PENGOLAHAN ANALISIS SI.pdf', '1750206001304-5. ANALISIS KELEMAHAN SI.pdf', '1750206001308-6. ANALISIS SWOT SI.pdf', '1750206001310-Data Table - Orange 25_04_2025 19_22_39.png', '1750206001312-7. ANALISIS PIECES.pdf'),
(19, 20, 'FKS000013', '1750210739377-4. PENGOLAHAN ANALISIS SI.pdf', '1750210739382-5. ANALISIS KELEMAHAN SI.pdf', '1750210739385-6. ANALISIS SWOT SI.pdf', '1750210739387-7. ANALISIS PIECES.pdf', '1750210739388-1. PENGANTAR SI.pdf', '1750210739390-2. PRINSIP DASAR ANALISIS SI.pdf', '1750210739392-localhost _ 127.0.0.1 _ pmb_fikes_app _ phpMyAdmin 5.2.1 - Google Chrome 27_04_2025 18_04_38.png', '1750210739393-3. IDENTIFIKASI MASALAH SI.pdf'),
(20, 21, 'FKS000017', '1750206001289-1. PENGANTAR SI.pdf', '1750206001296-2. PRINSIP DASAR ANALISIS SI.pdf', '1750206001299-3. IDENTIFIKASI MASALAH SI.pdf', '1750206001302-4. PENGOLAHAN ANALISIS SI.pdf', '1750206001304-5. ANALISIS KELEMAHAN SI.pdf', '1750206001308-6. ANALISIS SWOT SI.pdf', '1750206001310-Data Table - Orange 25_04_2025 19_22_39.png', '1750206001312-7. ANALISIS PIECES.pdf'),
(21, 22, 'FKS000018', '1750206001289-1. PENGANTAR SI.pdf', '1750206001296-2. PRINSIP DASAR ANALISIS SI.pdf', '1750206001299-3. IDENTIFIKASI MASALAH SI.pdf', '1750206001302-4. PENGOLAHAN ANALISIS SI.pdf', '1750206001304-5. ANALISIS KELEMAHAN SI.pdf', '1750206001308-6. ANALISIS SWOT SI.pdf', '1750206001310-Data Table - Orange 25_04_2025 19_22_39.png', '1750206001312-7. ANALISIS PIECES.pdf'),
(22, 23, 'FKS000019', '1750206001289-1. PENGANTAR SI.pdf', '1750206001296-2. PRINSIP DASAR ANALISIS SI.pdf', '1750206001299-3. IDENTIFIKASI MASALAH SI.pdf', '1750206001302-4. PENGOLAHAN ANALISIS SI.pdf', '1750206001304-5. ANALISIS KELEMAHAN SI.pdf', '1750206001308-6. ANALISIS SWOT SI.pdf', '1750206001310-Data Table - Orange 25_04_2025 19_22_39.png', '1750206001312-7. ANALISIS PIECES.pdf'),
(23, 24, 'FKS000020', '1750206001289-1. PENGANTAR SI.pdf', '1750206001296-2. PRINSIP DASAR ANALISIS SI.pdf', '1750206001299-3. IDENTIFIKASI MASALAH SI.pdf', '1750206001302-4. PENGOLAHAN ANALISIS SI.pdf', '1750206001304-5. ANALISIS KELEMAHAN SI.pdf', '1750206001308-6. ANALISIS SWOT SI.pdf', '1750206001310-Data Table - Orange 25_04_2025 19_22_39.png', '1750206001312-7. ANALISIS PIECES.pdf'),
(24, 25, 'FKS000021', '1750206001289-1. PENGANTAR SI.pdf', '1750206001296-2. PRINSIP DASAR ANALISIS SI.pdf', '1750206001299-3. IDENTIFIKASI MASALAH SI.pdf', '1750206001302-4. PENGOLAHAN ANALISIS SI.pdf', '1750206001304-5. ANALISIS KELEMAHAN SI.pdf', '1750206001308-6. ANALISIS SWOT SI.pdf', '1750206001310-Data Table - Orange 25_04_2025 19_22_39.png', '1750206001312-7. ANALISIS PIECES.pdf'),
(25, 26, 'FKS000022', '1750206001289-1. PENGANTAR SI.pdf', '1750206001296-2. PRINSIP DASAR ANALISIS SI.pdf', '1750206001299-3. IDENTIFIKASI MASALAH SI.pdf', '1750206001302-4. PENGOLAHAN ANALISIS SI.pdf', '1750206001304-5. ANALISIS KELEMAHAN SI.pdf', '1750206001308-6. ANALISIS SWOT SI.pdf', '1750206001310-Data Table - Orange 25_04_2025 19_22_39.png', '1750206001312-7. ANALISIS PIECES.pdf'),
(26, 27, 'FKS000023', '1750206001289-1. PENGANTAR SI.pdf', '1750206001296-2. PRINSIP DASAR ANALISIS SI.pdf', '1750206001299-3. IDENTIFIKASI MASALAH SI.pdf', '1750206001302-4. PENGOLAHAN ANALISIS SI.pdf', '1750206001304-5. ANALISIS KELEMAHAN SI.pdf', '1750206001308-6. ANALISIS SWOT SI.pdf', '1750206001310-Data Table - Orange 25_04_2025 19_22_39.png', '1750206001312-7. ANALISIS PIECES.pdf'),
(27, 28, 'FKS000024', '1750206001289-1. PENGANTAR SI.pdf', '1750206001296-2. PRINSIP DASAR ANALISIS SI.pdf', '1750206001299-3. IDENTIFIKASI MASALAH SI.pdf', '1750206001302-4. PENGOLAHAN ANALISIS SI.pdf', '1750206001304-5. ANALISIS KELEMAHAN SI.pdf', '1750206001308-6. ANALISIS SWOT SI.pdf', '1750206001310-Data Table - Orange 25_04_2025 19_22_39.png', '1750206001312-7. ANALISIS PIECES.pdf'),
(28, 29, 'FKS000025', '1750206001289-1. PENGANTAR SI.pdf', '1750206001296-2. PRINSIP DASAR ANALISIS SI.pdf', '1750206001299-3. IDENTIFIKASI MASALAH SI.pdf', '1750206001302-4. PENGOLAHAN ANALISIS SI.pdf', '1750206001304-5. ANALISIS KELEMAHAN SI.pdf', '1750206001308-6. ANALISIS SWOT SI.pdf', '1750206001310-Data Table - Orange 25_04_2025 19_22_39.png', '1750206001312-7. ANALISIS PIECES.pdf'),
(29, 30, 'FKS000026', '1750206001289-1. PENGANTAR SI.pdf', '1750206001296-2. PRINSIP DASAR ANALISIS SI.pdf', '1750206001299-3. IDENTIFIKASI MASALAH SI.pdf', '1750206001302-4. PENGOLAHAN ANALISIS SI.pdf', '1750206001304-5. ANALISIS KELEMAHAN SI.pdf', '1750206001308-6. ANALISIS SWOT SI.pdf', '1750206001310-Data Table - Orange 25_04_2025 19_22_39.png', '1750206001312-7. ANALISIS PIECES.pdf'),
(30, 31, 'FKS000027', '1750206001289-1. PENGANTAR SI.pdf', '1750206001296-2. PRINSIP DASAR ANALISIS SI.pdf', '1750206001299-3. IDENTIFIKASI MASALAH SI.pdf', '1750206001302-4. PENGOLAHAN ANALISIS SI.pdf', '1750206001304-5. ANALISIS KELEMAHAN SI.pdf', '1750206001308-6. ANALISIS SWOT SI.pdf', '1750206001310-Data Table - Orange 25_04_2025 19_22_39.png', '1750206001312-7. ANALISIS PIECES.pdf'),
(31, 32, 'FKS000028', '1750206001289-1. PENGANTAR SI.pdf', '1750206001296-2. PRINSIP DASAR ANALISIS SI.pdf', '1750206001299-3. IDENTIFIKASI MASALAH SI.pdf', '1750206001302-4. PENGOLAHAN ANALISIS SI.pdf', '1750206001304-5. ANALISIS KELEMAHAN SI.pdf', '1750206001308-6. ANALISIS SWOT SI.pdf', '1750206001310-Data Table - Orange 25_04_2025 19_22_39.png', '1750206001312-7. ANALISIS PIECES.pdf'),
(32, 33, 'FKS000029', '1750206001289-1. PENGANTAR SI.pdf', '1750206001296-2. PRINSIP DASAR ANALISIS SI.pdf', '1750206001299-3. IDENTIFIKASI MASALAH SI.pdf', '1750206001302-4. PENGOLAHAN ANALISIS SI.pdf', '1750206001304-5. ANALISIS KELEMAHAN SI.pdf', '1750206001308-6. ANALISIS SWOT SI.pdf', '1750206001310-Data Table - Orange 25_04_2025 19_22_39.png', '1750206001312-7. ANALISIS PIECES.pdf'),
(33, 34, 'FKS000030', '1750206001289-1. PENGANTAR SI.pdf', '1750206001296-2. PRINSIP DASAR ANALISIS SI.pdf', '1750206001299-3. IDENTIFIKASI MASALAH SI.pdf', '1750206001302-4. PENGOLAHAN ANALISIS SI.pdf', '1750206001304-5. ANALISIS KELEMAHAN SI.pdf', '1750206001308-6. ANALISIS SWOT SI.pdf', '1750206001310-Data Table - Orange 25_04_2025 19_22_39.png', '1750206001312-7. ANALISIS PIECES.pdf'),
(34, 35, 'FKS000031', '1750206001289-1. PENGANTAR SI.pdf', '1750206001296-2. PRINSIP DASAR ANALISIS SI.pdf', '1750206001299-3. IDENTIFIKASI MASALAH SI.pdf', '1750206001302-4. PENGOLAHAN ANALISIS SI.pdf', '1750206001304-5. ANALISIS KELEMAHAN SI.pdf', '1750206001308-6. ANALISIS SWOT SI.pdf', '1750206001310-Data Table - Orange 25_04_2025 19_22_39.png', '1750206001312-7. ANALISIS PIECES.pdf'),
(35, 36, 'FKS000032', '1750206001289-1. PENGANTAR SI.pdf', '1750206001296-2. PRINSIP DASAR ANALISIS SI.pdf', '1750206001299-3. IDENTIFIKASI MASALAH SI.pdf', '1750206001302-4. PENGOLAHAN ANALISIS SI.pdf', '1750206001304-5. ANALISIS KELEMAHAN SI.pdf', '1750206001308-6. ANALISIS SWOT SI.pdf', '1750206001310-Data Table - Orange 25_04_2025 19_22_39.png', '1750206001312-7. ANALISIS PIECES.pdf'),
(36, 37, 'FKS000033', '1750206001289-1. PENGANTAR SI.pdf', '1750206001296-2. PRINSIP DASAR ANALISIS SI.pdf', '1750206001299-3. IDENTIFIKASI MASALAH SI.pdf', '1750206001302-4. PENGOLAHAN ANALISIS SI.pdf', '1750206001304-5. ANALISIS KELEMAHAN SI.pdf', '1750206001308-6. ANALISIS SWOT SI.pdf', '1750206001310-Data Table - Orange 25_04_2025 19_22_39.png', '1750206001312-7. ANALISIS PIECES.pdf'),
(37, 38, 'FKS000034', '1750206001289-1. PENGANTAR SI.pdf', '1750206001296-2. PRINSIP DASAR ANALISIS SI.pdf', '1750206001299-3. IDENTIFIKASI MASALAH SI.pdf', '1750206001302-4. PENGOLAHAN ANALISIS SI.pdf', '1750206001304-5. ANALISIS KELEMAHAN SI.pdf', '1750206001308-6. ANALISIS SWOT SI.pdf', '1750206001310-Data Table - Orange 25_04_2025 19_22_39.png', '1750206001312-7. ANALISIS PIECES.pdf'),
(38, 39, 'FKS000035', '1750206001289-1. PENGANTAR SI.pdf', '1750206001296-2. PRINSIP DASAR ANALISIS SI.pdf', '1750206001299-3. IDENTIFIKASI MASALAH SI.pdf', '1750206001302-4. PENGOLAHAN ANALISIS SI.pdf', '1750206001304-5. ANALISIS KELEMAHAN SI.pdf', '1750206001308-6. ANALISIS SWOT SI.pdf', '1750206001310-Data Table - Orange 25_04_2025 19_22_39.png', '1750206001312-7. ANALISIS PIECES.pdf'),
(39, 40, 'FKS000036', '1750206001289-1. PENGANTAR SI.pdf', '1750206001296-2. PRINSIP DASAR ANALISIS SI.pdf', '1750206001299-3. IDENTIFIKASI MASALAH SI.pdf', '1750206001302-4. PENGOLAHAN ANALISIS SI.pdf', '1750206001304-5. ANALISIS KELEMAHAN SI.pdf', '1750206001308-6. ANALISIS SWOT SI.pdf', '1750206001310-Data Table - Orange 25_04_2025 19_22_39.png', '1750206001312-7. ANALISIS PIECES.pdf'),
(40, 41, 'FKS000037', '1750206001289-1. PENGANTAR SI.pdf', '1750206001296-2. PRINSIP DASAR ANALISIS SI.pdf', '1750206001299-3. IDENTIFIKASI MASALAH SI.pdf', '1750206001302-4. PENGOLAHAN ANALISIS SI.pdf', '1750206001304-5. ANALISIS KELEMAHAN SI.pdf', '1750206001308-6. ANALISIS SWOT SI.pdf', '1750206001310-Data Table - Orange 25_04_2025 19_22_39.png', '1750206001312-7. ANALISIS PIECES.pdf'),
(41, 42, 'FKS000038', '1750206001289-1. PENGANTAR SI.pdf', '1750206001296-2. PRINSIP DASAR ANALISIS SI.pdf', '1750206001299-3. IDENTIFIKASI MASALAH SI.pdf', '1750206001302-4. PENGOLAHAN ANALISIS SI.pdf', '1750206001304-5. ANALISIS KELEMAHAN SI.pdf', '1750206001308-6. ANALISIS SWOT SI.pdf', '1750206001310-Data Table - Orange 25_04_2025 19_22_39.png', '1750206001312-7. ANALISIS PIECES.pdf'),
(42, 43, 'FKS000039', '1750206001289-1. PENGANTAR SI.pdf', '1750206001296-2. PRINSIP DASAR ANALISIS SI.pdf', '1750206001299-3. IDENTIFIKASI MASALAH SI.pdf', '1750206001302-4. PENGOLAHAN ANALISIS SI.pdf', '1750206001304-5. ANALISIS KELEMAHAN SI.pdf', '1750206001308-6. ANALISIS SWOT SI.pdf', '1750206001310-Data Table - Orange 25_04_2025 19_22_39.png', '1750206001312-7. ANALISIS PIECES.pdf'),
(44, 44, 'FKS000040', '1750206001289-1. PENGANTAR SI.pdf', '1750206001296-2. PRINSIP DASAR ANALISIS SI.pdf', '1750206001299-3. IDENTIFIKASI MASALAH SI.pdf', '1750206001302-4. PENGOLAHAN ANALISIS SI.pdf', '1750206001304-5. ANALISIS KELEMAHAN SI.pdf', '1750206001308-6. ANALISIS SWOT SI.pdf', '1750206001310-Data Table - Orange 25_04_2025 19_22_39.png', '1750206001312-7. ANALISIS PIECES.pdf'),
(45, 45, 'FKS000041', '1750206001289-1. PENGANTAR SI.pdf', '1750206001296-2. PRINSIP DASAR ANALISIS SI.pdf', '1750206001299-3. IDENTIFIKASI MASALAH SI.pdf', '1750206001302-4. PENGOLAHAN ANALISIS SI.pdf', '1750206001304-5. ANALISIS KELEMAHAN SI.pdf', '1750206001308-6. ANALISIS SWOT SI.pdf', '1750206001310-Data Table - Orange 25_04_2025 19_22_39.png', '1750206001312-7. ANALISIS PIECES.pdf'),
(46, 46, 'FKS000042', '1750206001289-1. PENGANTAR SI.pdf', '1750206001296-2. PRINSIP DASAR ANALISIS SI.pdf', '1750206001299-3. IDENTIFIKASI MASALAH SI.pdf', '1750206001302-4. PENGOLAHAN ANALISIS SI.pdf', '1750206001304-5. ANALISIS KELEMAHAN SI.pdf', '1750206001308-6. ANALISIS SWOT SI.pdf', '1750206001310-Data Table - Orange 25_04_2025 19_22_39.png', '1750206001312-7. ANALISIS PIECES.pdf'),
(47, 47, 'FKS000043', '1750206001289-1. PENGANTAR SI.pdf', '1750206001296-2. PRINSIP DASAR ANALISIS SI.pdf', '1750206001299-3. IDENTIFIKASI MASALAH SI.pdf', '1750206001302-4. PENGOLAHAN ANALISIS SI.pdf', '1750206001304-5. ANALISIS KELEMAHAN SI.pdf', '1750206001308-6. ANALISIS SWOT SI.pdf', '1750206001310-Data Table - Orange 25_04_2025 19_22_39.png', '1750206001312-7. ANALISIS PIECES.pdf'),
(48, 48, 'FKS000044', '1750206001289-1. PENGANTAR SI.pdf', '1750206001296-2. PRINSIP DASAR ANALISIS SI.pdf', '1750206001299-3. IDENTIFIKASI MASALAH SI.pdf', '1750206001302-4. PENGOLAHAN ANALISIS SI.pdf', '1750206001304-5. ANALISIS KELEMAHAN SI.pdf', '1750206001308-6. ANALISIS SWOT SI.pdf', '1750206001310-Data Table - Orange 25_04_2025 19_22_39.png', '1750206001312-7. ANALISIS PIECES.pdf'),
(49, 49, 'FKS000045', '1750206001289-1. PENGANTAR SI.pdf', '1750206001296-2. PRINSIP DASAR ANALISIS SI.pdf', '1750206001299-3. IDENTIFIKASI MASALAH SI.pdf', '1750206001302-4. PENGOLAHAN ANALISIS SI.pdf', '1750206001304-5. ANALISIS KELEMAHAN SI.pdf', '1750206001308-6. ANALISIS SWOT SI.pdf', '1750206001310-Data Table - Orange 25_04_2025 19_22_39.png', '1750206001312-7. ANALISIS PIECES.pdf'),
(50, 50, 'FKS000046', '1750206001289-1. PENGANTAR SI.pdf', '1750206001296-2. PRINSIP DASAR ANALISIS SI.pdf', '1750206001299-3. IDENTIFIKASI MASALAH SI.pdf', '1750206001302-4. PENGOLAHAN ANALISIS SI.pdf', '1750206001304-5. ANALISIS KELEMAHAN SI.pdf', '1750206001308-6. ANALISIS SWOT SI.pdf', '1750206001310-Data Table - Orange 25_04_2025 19_22_39.png', '1750206001312-7. ANALISIS PIECES.pdf'),
(51, 51, 'FKS000047', '1750206001289-1. PENGANTAR SI.pdf', '1750206001296-2. PRINSIP DASAR ANALISIS SI.pdf', '1750206001299-3. IDENTIFIKASI MASALAH SI.pdf', '1750206001302-4. PENGOLAHAN ANALISIS SI.pdf', '1750206001304-5. ANALISIS KELEMAHAN SI.pdf', '1750206001308-6. ANALISIS SWOT SI.pdf', '1750206001310-Data Table - Orange 25_04_2025 19_22_39.png', '1750206001312-7. ANALISIS PIECES.pdf'),
(52, 52, 'FKS000048', '1750206001289-1. PENGANTAR SI.pdf', '1750206001296-2. PRINSIP DASAR ANALISIS SI.pdf', '1750206001299-3. IDENTIFIKASI MASALAH SI.pdf', '1750206001302-4. PENGOLAHAN ANALISIS SI.pdf', '1750206001304-5. ANALISIS KELEMAHAN SI.pdf', '1750206001308-6. ANALISIS SWOT SI.pdf', '1750206001310-Data Table - Orange 25_04_2025 19_22_39.png', '1750206001312-7. ANALISIS PIECES.pdf'),
(53, 53, 'FKS000049', '1750206001289-1. PENGANTAR SI.pdf', '1750206001296-2. PRINSIP DASAR ANALISIS SI.pdf', '1750206001299-3. IDENTIFIKASI MASALAH SI.pdf', '1750206001302-4. PENGOLAHAN ANALISIS SI.pdf', '1750206001304-5. ANALISIS KELEMAHAN SI.pdf', '1750206001308-6. ANALISIS SWOT SI.pdf', '1750206001310-Data Table - Orange 25_04_2025 19_22_39.png', '1750206001312-7. ANALISIS PIECES.pdf'),
(54, 54, 'FKS000050', '1750206001289-1. PENGANTAR SI.pdf', '1750206001296-2. PRINSIP DASAR ANALISIS SI.pdf', '1750206001299-3. IDENTIFIKASI MASALAH SI.pdf', '1750206001302-4. PENGOLAHAN ANALISIS SI.pdf', '1750206001304-5. ANALISIS KELEMAHAN SI.pdf', '1750206001308-6. ANALISIS SWOT SI.pdf', '1750206001310-Data Table - Orange 25_04_2025 19_22_39.png', '1750206001312-7. ANALISIS PIECES.pdf'),
(55, 55, 'FKS000051', '1750206001289-1. PENGANTAR SI.pdf', '1750206001296-2. PRINSIP DASAR ANALISIS SI.pdf', '1750206001299-3. IDENTIFIKASI MASALAH SI.pdf', '1750206001302-4. PENGOLAHAN ANALISIS SI.pdf', '1750206001304-5. ANALISIS KELEMAHAN SI.pdf', '1750206001308-6. ANALISIS SWOT SI.pdf', '1750206001310-Data Table - Orange 25_04_2025 19_22_39.png', '1750206001312-7. ANALISIS PIECES.pdf'),
(56, 56, 'FKS000052', '1750206001289-1. PENGANTAR SI.pdf', '1750206001296-2. PRINSIP DASAR ANALISIS SI.pdf', '1750206001299-3. IDENTIFIKASI MASALAH SI.pdf', '1750206001302-4. PENGOLAHAN ANALISIS SI.pdf', '1750206001304-5. ANALISIS KELEMAHAN SI.pdf', '1750206001308-6. ANALISIS SWOT SI.pdf', '1750206001310-Data Table - Orange 25_04_2025 19_22_39.png', '1750206001312-7. ANALISIS PIECES.pdf'),
(57, 57, 'FKS000053', '1750206001289-1. PENGANTAR SI.pdf', '1750206001296-2. PRINSIP DASAR ANALISIS SI.pdf', '1750206001299-3. IDENTIFIKASI MASALAH SI.pdf', '1750206001302-4. PENGOLAHAN ANALISIS SI.pdf', '1750206001304-5. ANALISIS KELEMAHAN SI.pdf', '1750206001308-6. ANALISIS SWOT SI.pdf', '1750206001310-Data Table - Orange 25_04_2025 19_22_39.png', '1750206001312-7. ANALISIS PIECES.pdf'),
(58, 58, 'FKS000054', '1750206001289-1. PENGANTAR SI.pdf', '1750206001296-2. PRINSIP DASAR ANALISIS SI.pdf', '1750206001299-3. IDENTIFIKASI MASALAH SI.pdf', '1750206001302-4. PENGOLAHAN ANALISIS SI.pdf', '1750206001304-5. ANALISIS KELEMAHAN SI.pdf', '1750206001308-6. ANALISIS SWOT SI.pdf', '1750206001310-Data Table - Orange 25_04_2025 19_22_39.png', '1750206001312-7. ANALISIS PIECES.pdf'),
(59, 59, 'FKS000055', '1750206001289-1. PENGANTAR SI.pdf', '1750206001296-2. PRINSIP DASAR ANALISIS SI.pdf', '1750206001299-3. IDENTIFIKASI MASALAH SI.pdf', '1750206001302-4. PENGOLAHAN ANALISIS SI.pdf', '1750206001304-5. ANALISIS KELEMAHAN SI.pdf', '1750206001308-6. ANALISIS SWOT SI.pdf', '1750206001310-Data Table - Orange 25_04_2025 19_22_39.png', '1750206001312-7. ANALISIS PIECES.pdf'),
(60, 60, 'FKS000056', '1750206001289-1. PENGANTAR SI.pdf', '1750206001296-2. PRINSIP DASAR ANALISIS SI.pdf', '1750206001299-3. IDENTIFIKASI MASALAH SI.pdf', '1750206001302-4. PENGOLAHAN ANALISIS SI.pdf', '1750206001304-5. ANALISIS KELEMAHAN SI.pdf', '1750206001308-6. ANALISIS SWOT SI.pdf', '1750206001310-Data Table - Orange 25_04_2025 19_22_39.png', '1750206001312-7. ANALISIS PIECES.pdf'),
(61, 61, 'FKS000057', '1750206001289-1. PENGANTAR SI.pdf', '1750206001296-2. PRINSIP DASAR ANALISIS SI.pdf', '1750206001299-3. IDENTIFIKASI MASALAH SI.pdf', '1750206001302-4. PENGOLAHAN ANALISIS SI.pdf', '1750206001304-5. ANALISIS KELEMAHAN SI.pdf', '1750206001308-6. ANALISIS SWOT SI.pdf', '1750206001310-Data Table - Orange 25_04_2025 19_22_39.png', '1750206001312-7. ANALISIS PIECES.pdf'),
(62, 62, 'FKS000058', '1750206001289-1. PENGANTAR SI.pdf', '1750206001296-2. PRINSIP DASAR ANALISIS SI.pdf', '1750206001299-3. IDENTIFIKASI MASALAH SI.pdf', '1750206001302-4. PENGOLAHAN ANALISIS SI.pdf', '1750206001304-5. ANALISIS KELEMAHAN SI.pdf', '1750206001308-6. ANALISIS SWOT SI.pdf', '1750206001310-Data Table - Orange 25_04_2025 19_22_39.png', '1750206001312-7. ANALISIS PIECES.pdf'),
(63, 63, 'FKS000059', '1750206001289-1. PENGANTAR SI.pdf', '1750206001296-2. PRINSIP DASAR ANALISIS SI.pdf', '1750206001299-3. IDENTIFIKASI MASALAH SI.pdf', '1750206001302-4. PENGOLAHAN ANALISIS SI.pdf', '1750206001304-5. ANALISIS KELEMAHAN SI.pdf', '1750206001308-6. ANALISIS SWOT SI.pdf', '1750206001310-Data Table - Orange 25_04_2025 19_22_39.png', '1750206001312-7. ANALISIS PIECES.pdf'),
(64, 64, 'FKS000060', '1750206001289-1. PENGANTAR SI.pdf', '1750206001296-2. PRINSIP DASAR ANALISIS SI.pdf', '1750206001299-3. IDENTIFIKASI MASALAH SI.pdf', '1750206001302-4. PENGOLAHAN ANALISIS SI.pdf', '1750206001304-5. ANALISIS KELEMAHAN SI.pdf', '1750206001308-6. ANALISIS SWOT SI.pdf', '1750206001310-Data Table - Orange 25_04_2025 19_22_39.png', '1750206001312-7. ANALISIS PIECES.pdf'),
(65, 65, 'FKS000061', '1750206001289-1. PENGANTAR SI.pdf', '1750206001296-2. PRINSIP DASAR ANALISIS SI.pdf', '1750206001299-3. IDENTIFIKASI MASALAH SI.pdf', '1750206001302-4. PENGOLAHAN ANALISIS SI.pdf', '1750206001304-5. ANALISIS KELEMAHAN SI.pdf', '1750206001308-6. ANALISIS SWOT SI.pdf', '1750206001310-Data Table - Orange 25_04_2025 19_22_39.png', '1750206001312-7. ANALISIS PIECES.pdf'),
(66, 66, 'FKS000062', '1750206001289-1. PENGANTAR SI.pdf', '1750206001296-2. PRINSIP DASAR ANALISIS SI.pdf', '1750206001299-3. IDENTIFIKASI MASALAH SI.pdf', '1750206001302-4. PENGOLAHAN ANALISIS SI.pdf', '1750206001304-5. ANALISIS KELEMAHAN SI.pdf', '1750206001308-6. ANALISIS SWOT SI.pdf', '1750206001310-Data Table - Orange 25_04_2025 19_22_39.png', '1750206001312-7. ANALISIS PIECES.pdf'),
(67, 67, 'FKS000063', '1750206001289-1. PENGANTAR SI.pdf', '1750206001296-2. PRINSIP DASAR ANALISIS SI.pdf', '1750206001299-3. IDENTIFIKASI MASALAH SI.pdf', '1750206001302-4. PENGOLAHAN ANALISIS SI.pdf', '1750206001304-5. ANALISIS KELEMAHAN SI.pdf', '1750206001308-6. ANALISIS SWOT SI.pdf', '1750206001310-Data Table - Orange 25_04_2025 19_22_39.png', '1750206001312-7. ANALISIS PIECES.pdf'),
(68, 68, 'FKS000064', '1750206001289-1. PENGANTAR SI.pdf', '1750206001296-2. PRINSIP DASAR ANALISIS SI.pdf', '1750206001299-3. IDENTIFIKASI MASALAH SI.pdf', '1750206001302-4. PENGOLAHAN ANALISIS SI.pdf', '1750206001304-5. ANALISIS KELEMAHAN SI.pdf', '1750206001308-6. ANALISIS SWOT SI.pdf', '1750206001310-Data Table - Orange 25_04_2025 19_22_39.png', '1750206001312-7. ANALISIS PIECES.pdf'),
(69, 69, 'FKS000065', '1750206001289-1. PENGANTAR SI.pdf', '1750206001296-2. PRINSIP DASAR ANALISIS SI.pdf', '1750206001299-3. IDENTIFIKASI MASALAH SI.pdf', '1750206001302-4. PENGOLAHAN ANALISIS SI.pdf', '1750206001304-5. ANALISIS KELEMAHAN SI.pdf', '1750206001308-6. ANALISIS SWOT SI.pdf', '1750206001310-Data Table - Orange 25_04_2025 19_22_39.png', '1750206001312-7. ANALISIS PIECES.pdf'),
(70, 70, 'FKS000066', '1750206001289-1. PENGANTAR SI.pdf', '1750206001296-2. PRINSIP DASAR ANALISIS SI.pdf', '1750206001299-3. IDENTIFIKASI MASALAH SI.pdf', '1750206001302-4. PENGOLAHAN ANALISIS SI.pdf', '1750206001304-5. ANALISIS KELEMAHAN SI.pdf', '1750206001308-6. ANALISIS SWOT SI.pdf', '1750206001310-Data Table - Orange 25_04_2025 19_22_39.png', '1750206001312-7. ANALISIS PIECES.pdf'),
(71, 71, 'FKS000067', '1750206001289-1. PENGANTAR SI.pdf', '1750206001296-2. PRINSIP DASAR ANALISIS SI.pdf', '1750206001299-3. IDENTIFIKASI MASALAH SI.pdf', '1750206001302-4. PENGOLAHAN ANALISIS SI.pdf', '1750206001304-5. ANALISIS KELEMAHAN SI.pdf', '1750206001308-6. ANALISIS SWOT SI.pdf', '1750206001310-Data Table - Orange 25_04_2025 19_22_39.png', '1750206001312-7. ANALISIS PIECES.pdf'),
(72, 72, 'FKS000068', '1750206001289-1. PENGANTAR SI.pdf', '1750206001296-2. PRINSIP DASAR ANALISIS SI.pdf', '1750206001299-3. IDENTIFIKASI MASALAH SI.pdf', '1750206001302-4. PENGOLAHAN ANALISIS SI.pdf', '1750206001304-5. ANALISIS KELEMAHAN SI.pdf', '1750206001308-6. ANALISIS SWOT SI.pdf', '1750206001310-Data Table - Orange 25_04_2025 19_22_39.png', '1750206001312-7. ANALISIS PIECES.pdf'),
(73, 73, 'FKS000069', '1750206001289-1. PENGANTAR SI.pdf', '1750206001296-2. PRINSIP DASAR ANALISIS SI.pdf', '1750206001299-3. IDENTIFIKASI MASALAH SI.pdf', '1750206001302-4. PENGOLAHAN ANALISIS SI.pdf', '1750206001304-5. ANALISIS KELEMAHAN SI.pdf', '1750206001308-6. ANALISIS SWOT SI.pdf', '1750206001310-Data Table - Orange 25_04_2025 19_22_39.png', '1750206001312-7. ANALISIS PIECES.pdf'),
(74, 74, 'FKS000070', '1750206001289-1. PENGANTAR SI.pdf', '1750206001296-2. PRINSIP DASAR ANALISIS SI.pdf', '1750206001299-3. IDENTIFIKASI MASALAH SI.pdf', '1750206001302-4. PENGOLAHAN ANALISIS SI.pdf', '1750206001304-5. ANALISIS KELEMAHAN SI.pdf', '1750206001308-6. ANALISIS SWOT SI.pdf', '1750206001310-Data Table - Orange 25_04_2025 19_22_39.png', '1750206001312-7. ANALISIS PIECES.pdf'),
(75, 75, 'FKS000071', '1750206001289-1. PENGANTAR SI.pdf', '1750206001296-2. PRINSIP DASAR ANALISIS SI.pdf', '1750206001299-3. IDENTIFIKASI MASALAH SI.pdf', '1750206001302-4. PENGOLAHAN ANALISIS SI.pdf', '1750206001304-5. ANALISIS KELEMAHAN SI.pdf', '1750206001308-6. ANALISIS SWOT SI.pdf', '1750206001310-Data Table - Orange 25_04_2025 19_22_39.png', '1750206001312-7. ANALISIS PIECES.pdf'),
(76, 76, 'FKS000072', '1750206001289-1. PENGANTAR SI.pdf', '1750206001296-2. PRINSIP DASAR ANALISIS SI.pdf', '1750206001299-3. IDENTIFIKASI MASALAH SI.pdf', '1750206001302-4. PENGOLAHAN ANALISIS SI.pdf', '1750206001304-5. ANALISIS KELEMAHAN SI.pdf', '1750206001308-6. ANALISIS SWOT SI.pdf', '1750206001310-Data Table - Orange 25_04_2025 19_22_39.png', '1750206001312-7. ANALISIS PIECES.pdf'),
(77, 77, 'FKS000073', '1750206001289-1. PENGANTAR SI.pdf', '1750206001296-2. PRINSIP DASAR ANALISIS SI.pdf', '1750206001299-3. IDENTIFIKASI MASALAH SI.pdf', '1750206001302-4. PENGOLAHAN ANALISIS SI.pdf', '1750206001304-5. ANALISIS KELEMAHAN SI.pdf', '1750206001308-6. ANALISIS SWOT SI.pdf', '1750206001310-Data Table - Orange 25_04_2025 19_22_39.png', '1750206001312-7. ANALISIS PIECES.pdf'),
(78, 78, 'FKS000074', '1750206001289-1. PENGANTAR SI.pdf', '1750206001296-2. PRINSIP DASAR ANALISIS SI.pdf', '1750206001299-3. IDENTIFIKASI MASALAH SI.pdf', '1750206001302-4. PENGOLAHAN ANALISIS SI.pdf', '1750206001304-5. ANALISIS KELEMAHAN SI.pdf', '1750206001308-6. ANALISIS SWOT SI.pdf', '1750206001310-Data Table - Orange 25_04_2025 19_22_39.png', '1750206001312-7. ANALISIS PIECES.pdf'),
(79, 79, 'FKS000075', '1750206001289-1. PENGANTAR SI.pdf', '1750206001296-2. PRINSIP DASAR ANALISIS SI.pdf', '1750206001299-3. IDENTIFIKASI MASALAH SI.pdf', '1750206001302-4. PENGOLAHAN ANALISIS SI.pdf', '1750206001304-5. ANALISIS KELEMAHAN SI.pdf', '1750206001308-6. ANALISIS SWOT SI.pdf', '1750206001310-Data Table - Orange 25_04_2025 19_22_39.png', '1750206001312-7. ANALISIS PIECES.pdf'),
(80, 80, 'FKS000076', '1750206001289-1. PENGANTAR SI.pdf', '1750206001296-2. PRINSIP DASAR ANALISIS SI.pdf', '1750206001299-3. IDENTIFIKASI MASALAH SI.pdf', '1750206001302-4. PENGOLAHAN ANALISIS SI.pdf', '1750206001304-5. ANALISIS KELEMAHAN SI.pdf', '1750206001308-6. ANALISIS SWOT SI.pdf', '1750206001310-Data Table - Orange 25_04_2025 19_22_39.png', '1750206001312-7. ANALISIS PIECES.pdf'),
(81, 81, 'FKS000077', '1750206001289-1. PENGANTAR SI.pdf', '1750206001296-2. PRINSIP DASAR ANALISIS SI.pdf', '1750206001299-3. IDENTIFIKASI MASALAH SI.pdf', '1750206001302-4. PENGOLAHAN ANALISIS SI.pdf', '1750206001304-5. ANALISIS KELEMAHAN SI.pdf', '1750206001308-6. ANALISIS SWOT SI.pdf', '1750206001310-Data Table - Orange 25_04_2025 19_22_39.png', '1750206001312-7. ANALISIS PIECES.pdf'),
(82, 82, 'FKS000078', '1750206001289-1. PENGANTAR SI.pdf', '1750206001296-2. PRINSIP DASAR ANALISIS SI.pdf', '1750206001299-3. IDENTIFIKASI MASALAH SI.pdf', '1750206001302-4. PENGOLAHAN ANALISIS SI.pdf', '1750206001304-5. ANALISIS KELEMAHAN SI.pdf', '1750206001308-6. ANALISIS SWOT SI.pdf', '1750206001310-Data Table - Orange 25_04_2025 19_22_39.png', '1750206001312-7. ANALISIS PIECES.pdf'),
(83, 83, 'FKS000079', '1750206001289-1. PENGANTAR SI.pdf', '1750206001296-2. PRINSIP DASAR ANALISIS SI.pdf', '1750206001299-3. IDENTIFIKASI MASALAH SI.pdf', '1750206001302-4. PENGOLAHAN ANALISIS SI.pdf', '1750206001304-5. ANALISIS KELEMAHAN SI.pdf', '1750206001308-6. ANALISIS SWOT SI.pdf', '1750206001310-Data Table - Orange 25_04_2025 19_22_39.png', '1750206001312-7. ANALISIS PIECES.pdf'),
(84, 84, 'FKS000080', '1750206001289-1. PENGANTAR SI.pdf', '1750206001296-2. PRINSIP DASAR ANALISIS SI.pdf', '1750206001299-3. IDENTIFIKASI MASALAH SI.pdf', '1750206001302-4. PENGOLAHAN ANALISIS SI.pdf', '1750206001304-5. ANALISIS KELEMAHAN SI.pdf', '1750206001308-6. ANALISIS SWOT SI.pdf', '1750206001310-Data Table - Orange 25_04_2025 19_22_39.png', '1750206001312-7. ANALISIS PIECES.pdf'),
(85, 85, 'FKS000081', '1750206001289-1. PENGANTAR SI.pdf', '1750206001296-2. PRINSIP DASAR ANALISIS SI.pdf', '1750206001299-3. IDENTIFIKASI MASALAH SI.pdf', '1750206001302-4. PENGOLAHAN ANALISIS SI.pdf', '1750206001304-5. ANALISIS KELEMAHAN SI.pdf', '1750206001308-6. ANALISIS SWOT SI.pdf', '1750206001310-Data Table - Orange 25_04_2025 19_22_39.png', '1750206001312-7. ANALISIS PIECES.pdf'),
(86, 86, 'FKS000082', '1750206001289-1. PENGANTAR SI.pdf', '1750206001296-2. PRINSIP DASAR ANALISIS SI.pdf', '1750206001299-3. IDENTIFIKASI MASALAH SI.pdf', '1750206001302-4. PENGOLAHAN ANALISIS SI.pdf', '1750206001304-5. ANALISIS KELEMAHAN SI.pdf', '1750206001308-6. ANALISIS SWOT SI.pdf', '1750206001310-Data Table - Orange 25_04_2025 19_22_39.png', '1750206001312-7. ANALISIS PIECES.pdf'),
(87, 87, 'FKS000083', '1750206001289-1. PENGANTAR SI.pdf', '1750206001296-2. PRINSIP DASAR ANALISIS SI.pdf', '1750206001299-3. IDENTIFIKASI MASALAH SI.pdf', '1750206001302-4. PENGOLAHAN ANALISIS SI.pdf', '1750206001304-5. ANALISIS KELEMAHAN SI.pdf', '1750206001308-6. ANALISIS SWOT SI.pdf', '1750206001310-Data Table - Orange 25_04_2025 19_22_39.png', '1750206001312-7. ANALISIS PIECES.pdf'),
(88, 88, 'FKS000084', '1750206001289-1. PENGANTAR SI.pdf', '1750206001296-2. PRINSIP DASAR ANALISIS SI.pdf', '1750206001299-3. IDENTIFIKASI MASALAH SI.pdf', '1750206001302-4. PENGOLAHAN ANALISIS SI.pdf', '1750206001304-5. ANALISIS KELEMAHAN SI.pdf', '1750206001308-6. ANALISIS SWOT SI.pdf', '1750206001310-Data Table - Orange 25_04_2025 19_22_39.png', '1750206001312-7. ANALISIS PIECES.pdf'),
(89, 89, 'FKS000085', '1750206001289-1. PENGANTAR SI.pdf', '1750206001296-2. PRINSIP DASAR ANALISIS SI.pdf', '1750206001299-3. IDENTIFIKASI MASALAH SI.pdf', '1750206001302-4. PENGOLAHAN ANALISIS SI.pdf', '1750206001304-5. ANALISIS KELEMAHAN SI.pdf', '1750206001308-6. ANALISIS SWOT SI.pdf', '1750206001310-Data Table - Orange 25_04_2025 19_22_39.png', '1750206001312-7. ANALISIS PIECES.pdf'),
(90, 90, 'FKS000086', '1750206001289-1. PENGANTAR SI.pdf', '1750206001296-2. PRINSIP DASAR ANALISIS SI.pdf', '1750206001299-3. IDENTIFIKASI MASALAH SI.pdf', '1750206001302-4. PENGOLAHAN ANALISIS SI.pdf', '1750206001304-5. ANALISIS KELEMAHAN SI.pdf', '1750206001308-6. ANALISIS SWOT SI.pdf', '1750206001310-Data Table - Orange 25_04_2025 19_22_39.png', '1750206001312-7. ANALISIS PIECES.pdf'),
(91, 91, 'FKS000087', '1750206001289-1. PENGANTAR SI.pdf', '1750206001296-2. PRINSIP DASAR ANALISIS SI.pdf', '1750206001299-3. IDENTIFIKASI MASALAH SI.pdf', '1750206001302-4. PENGOLAHAN ANALISIS SI.pdf', '1750206001304-5. ANALISIS KELEMAHAN SI.pdf', '1750206001308-6. ANALISIS SWOT SI.pdf', '1750206001310-Data Table - Orange 25_04_2025 19_22_39.png', '1750206001312-7. ANALISIS PIECES.pdf'),
(92, 92, 'FKS000088', '1750206001289-1. PENGANTAR SI.pdf', '1750206001296-2. PRINSIP DASAR ANALISIS SI.pdf', '1750206001299-3. IDENTIFIKASI MASALAH SI.pdf', '1750206001302-4. PENGOLAHAN ANALISIS SI.pdf', '1750206001304-5. ANALISIS KELEMAHAN SI.pdf', '1750206001308-6. ANALISIS SWOT SI.pdf', '1750206001310-Data Table - Orange 25_04_2025 19_22_39.png', '1750206001312-7. ANALISIS PIECES.pdf'),
(93, 93, 'FKS000089', '1750206001289-1. PENGANTAR SI.pdf', '1750206001296-2. PRINSIP DASAR ANALISIS SI.pdf', '1750206001299-3. IDENTIFIKASI MASALAH SI.pdf', '1750206001302-4. PENGOLAHAN ANALISIS SI.pdf', '1750206001304-5. ANALISIS KELEMAHAN SI.pdf', '1750206001308-6. ANALISIS SWOT SI.pdf', '1750206001310-Data Table - Orange 25_04_2025 19_22_39.png', '1750206001312-7. ANALISIS PIECES.pdf'),
(94, 94, 'FKS000090', '1750206001289-1. PENGANTAR SI.pdf', '1750206001296-2. PRINSIP DASAR ANALISIS SI.pdf', '1750206001299-3. IDENTIFIKASI MASALAH SI.pdf', '1750206001302-4. PENGOLAHAN ANALISIS SI.pdf', '1750206001304-5. ANALISIS KELEMAHAN SI.pdf', '1750206001308-6. ANALISIS SWOT SI.pdf', '1750206001310-Data Table - Orange 25_04_2025 19_22_39.png', '1750206001312-7. ANALISIS PIECES.pdf'),
(95, 95, 'FKS000091', '1750206001289-1. PENGANTAR SI.pdf', '1750206001296-2. PRINSIP DASAR ANALISIS SI.pdf', '1750206001299-3. IDENTIFIKASI MASALAH SI.pdf', '1750206001302-4. PENGOLAHAN ANALISIS SI.pdf', '1750206001304-5. ANALISIS KELEMAHAN SI.pdf', '1750206001308-6. ANALISIS SWOT SI.pdf', '1750206001310-Data Table - Orange 25_04_2025 19_22_39.png', '1750206001312-7. ANALISIS PIECES.pdf'),
(96, 96, 'FKS000092', '1750206001289-1. PENGANTAR SI.pdf', '1750206001296-2. PRINSIP DASAR ANALISIS SI.pdf', '1750206001299-3. IDENTIFIKASI MASALAH SI.pdf', '1750206001302-4. PENGOLAHAN ANALISIS SI.pdf', '1750206001304-5. ANALISIS KELEMAHAN SI.pdf', '1750206001308-6. ANALISIS SWOT SI.pdf', '1750206001310-Data Table - Orange 25_04_2025 19_22_39.png', '1750206001312-7. ANALISIS PIECES.pdf'),
(97, 97, 'FKS000093', '1750206001289-1. PENGANTAR SI.pdf', '1750206001296-2. PRINSIP DASAR ANALISIS SI.pdf', '1750206001299-3. IDENTIFIKASI MASALAH SI.pdf', '1750206001302-4. PENGOLAHAN ANALISIS SI.pdf', '1750206001304-5. ANALISIS KELEMAHAN SI.pdf', '1750206001308-6. ANALISIS SWOT SI.pdf', '1750206001310-Data Table - Orange 25_04_2025 19_22_39.png', '1750206001312-7. ANALISIS PIECES.pdf'),
(98, 98, 'FKS000094', '1750206001289-1. PENGANTAR SI.pdf', '1750206001296-2. PRINSIP DASAR ANALISIS SI.pdf', '1750206001299-3. IDENTIFIKASI MASALAH SI.pdf', '1750206001302-4. PENGOLAHAN ANALISIS SI.pdf', '1750206001304-5. ANALISIS KELEMAHAN SI.pdf', '1750206001308-6. ANALISIS SWOT SI.pdf', '1750206001310-Data Table - Orange 25_04_2025 19_22_39.png', '1750206001312-7. ANALISIS PIECES.pdf'),
(99, 99, 'FKS000095', '1750206001289-1. PENGANTAR SI.pdf', '1750206001296-2. PRINSIP DASAR ANALISIS SI.pdf', '1750206001299-3. IDENTIFIKASI MASALAH SI.pdf', '1750206001302-4. PENGOLAHAN ANALISIS SI.pdf', '1750206001304-5. ANALISIS KELEMAHAN SI.pdf', '1750206001308-6. ANALISIS SWOT SI.pdf', '1750206001310-Data Table - Orange 25_04_2025 19_22_39.png', '1750206001312-7. ANALISIS PIECES.pdf'),
(100, 100, 'FKS000096', '1750206001289-1. PENGANTAR SI.pdf', '1750206001296-2. PRINSIP DASAR ANALISIS SI.pdf', '1750206001299-3. IDENTIFIKASI MASALAH SI.pdf', '1750206001302-4. PENGOLAHAN ANALISIS SI.pdf', '1750206001304-5. ANALISIS KELEMAHAN SI.pdf', '1750206001308-6. ANALISIS SWOT SI.pdf', '1750206001310-Data Table - Orange 25_04_2025 19_22_39.png', '1750206001312-7. ANALISIS PIECES.pdf'),
(101, 101, 'FKS000097', '1750206001289-1. PENGANTAR SI.pdf', '1750206001296-2. PRINSIP DASAR ANALISIS SI.pdf', '1750206001299-3. IDENTIFIKASI MASALAH SI.pdf', '1750206001302-4. PENGOLAHAN ANALISIS SI.pdf', '1750206001304-5. ANALISIS KELEMAHAN SI.pdf', '1750206001308-6. ANALISIS SWOT SI.pdf', '1750206001310-Data Table - Orange 25_04_2025 19_22_39.png', '1750206001312-7. ANALISIS PIECES.pdf'),
(102, 102, 'FKS000098', '1750206001289-1. PENGANTAR SI.pdf', '1750206001296-2. PRINSIP DASAR ANALISIS SI.pdf', '1750206001299-3. IDENTIFIKASI MASALAH SI.pdf', '1750206001302-4. PENGOLAHAN ANALISIS SI.pdf', '1750206001304-5. ANALISIS KELEMAHAN SI.pdf', '1750206001308-6. ANALISIS SWOT SI.pdf', '1750206001310-Data Table - Orange 25_04_2025 19_22_39.png', '1750206001312-7. ANALISIS PIECES.pdf'),
(103, 103, 'FKS000099', '1750206001289-1. PENGANTAR SI.pdf', '1750206001296-2. PRINSIP DASAR ANALISIS SI.pdf', '1750206001299-3. IDENTIFIKASI MASALAH SI.pdf', '1750206001302-4. PENGOLAHAN ANALISIS SI.pdf', '1750206001304-5. ANALISIS KELEMAHAN SI.pdf', '1750206001308-6. ANALISIS SWOT SI.pdf', '1750206001310-Data Table - Orange 25_04_2025 19_22_39.png', '1750206001312-7. ANALISIS PIECES.pdf'),
(104, 104, 'FKS000100', '1750206001289-1. PENGANTAR SI.pdf', '1750206001296-2. PRINSIP DASAR ANALISIS SI.pdf', '1750206001299-3. IDENTIFIKASI MASALAH SI.pdf', '1750206001302-4. PENGOLAHAN ANALISIS SI.pdf', '1750206001304-5. ANALISIS KELEMAHAN SI.pdf', '1750206001308-6. ANALISIS SWOT SI.pdf', '1750206001310-Data Table - Orange 25_04_2025 19_22_39.png', '1750206001312-7. ANALISIS PIECES.pdf'),
(105, 14, 'FKS000005', '1750206001289-1. PENGANTAR SI.pdf', '1750206001296-2. PRINSIP DASAR ANALISIS SI.pdf', '1750206001299-3. IDENTIFIKASI MASALAH SI.pdf', '1750206001302-4. PENGOLAHAN ANALISIS SI.pdf', '1750206001304-5. ANALISIS KELEMAHAN SI.pdf', '1750206001308-6. ANALISIS SWOT SI.pdf', '1750206001310-Data Table - Orange 25_04_2025 19_22_39.png', '1750206001312-7. ANALISIS PIECES.pdf'),
(115, 105, 'FKS000101', '1750206001289-1. PENGANTAR SI.pdf', '1750206001296-2. PRINSIP DASAR ANALISIS SI.pdf', '1750206001299-3. IDENTIFIKASI MASALAH SI.pdf', '1750206001302-4. PENGOLAHAN ANALISIS SI.pdf', '1750206001304-5. ANALISIS KELEMAHAN SI.pdf', '1750206001308-6. ANALISIS SWOT SI.pdf', '1750206001310-Data Table - Orange 25_04_2025 19_22_39.png', '1750206001312-7. ANALISIS PIECES.pdf'),
(116, 106, 'FKS000102', '1750206001289-1. PENGANTAR SI.pdf', '1750206001296-2. PRINSIP DASAR ANALISIS SI.pdf', '1750206001299-3. IDENTIFIKASI MASALAH SI.pdf', '1750206001302-4. PENGOLAHAN ANALISIS SI.pdf', '1750206001304-5. ANALISIS KELEMAHAN SI.pdf', '1750206001308-6. ANALISIS SWOT SI.pdf', '1750206001310-Data Table - Orange 25_04_2025 19_22_39.png', '1750206001312-7. ANALISIS PIECES.pdf'),
(117, 107, 'FKS000103', '1750206001289-1. PENGANTAR SI.pdf', '1750206001296-2. PRINSIP DASAR ANALISIS SI.pdf', '1750206001299-3. IDENTIFIKASI MASALAH SI.pdf', '1750206001302-4. PENGOLAHAN ANALISIS SI.pdf', '1750206001304-5. ANALISIS KELEMAHAN SI.pdf', '1750206001308-6. ANALISIS SWOT SI.pdf', '1750206001310-Data Table - Orange 25_04_2025 19_22_39.png', '1750206001312-7. ANALISIS PIECES.pdf'),
(118, 108, 'FKS000104', '1750206001289-1. PENGANTAR SI.pdf', '1750206001296-2. PRINSIP DASAR ANALISIS SI.pdf', '1750206001299-3. IDENTIFIKASI MASALAH SI.pdf', '1750206001302-4. PENGOLAHAN ANALISIS SI.pdf', '1750206001304-5. ANALISIS KELEMAHAN SI.pdf', '1750206001308-6. ANALISIS SWOT SI.pdf', '1750206001310-Data Table - Orange 25_04_2025 19_22_39.png', '1750206001312-7. ANALISIS PIECES.pdf'),
(119, 109, 'FKS000105', '1750206001289-1. PENGANTAR SI.pdf', '1750206001296-2. PRINSIP DASAR ANALISIS SI.pdf', '1750206001299-3. IDENTIFIKASI MASALAH SI.pdf', '1750206001302-4. PENGOLAHAN ANALISIS SI.pdf', '1750206001304-5. ANALISIS KELEMAHAN SI.pdf', '1750206001308-6. ANALISIS SWOT SI.pdf', '1750206001310-Data Table - Orange 25_04_2025 19_22_39.png', '1750206001312-7. ANALISIS PIECES.pdf'),
(120, 110, 'FKS000106', '1750206001289-1. PENGANTAR SI.pdf', '1750206001296-2. PRINSIP DASAR ANALISIS SI.pdf', '1750206001299-3. IDENTIFIKASI MASALAH SI.pdf', '1750206001302-4. PENGOLAHAN ANALISIS SI.pdf', '1750206001304-5. ANALISIS KELEMAHAN SI.pdf', '1750206001308-6. ANALISIS SWOT SI.pdf', '1750206001310-Data Table - Orange 25_04_2025 19_22_39.png', '1750206001312-7. ANALISIS PIECES.pdf'),
(121, 111, 'FKS000107', '1750206001289-1. PENGANTAR SI.pdf', '1750206001296-2. PRINSIP DASAR ANALISIS SI.pdf', '1750206001299-3. IDENTIFIKASI MASALAH SI.pdf', '1750206001302-4. PENGOLAHAN ANALISIS SI.pdf', '1750206001304-5. ANALISIS KELEMAHAN SI.pdf', '1750206001308-6. ANALISIS SWOT SI.pdf', '1750206001310-Data Table - Orange 25_04_2025 19_22_39.png', '1750206001312-7. ANALISIS PIECES.pdf'),
(122, 112, 'FKS000108', '1750206001289-1. PENGANTAR SI.pdf', '1750206001296-2. PRINSIP DASAR ANALISIS SI.pdf', '1750206001299-3. IDENTIFIKASI MASALAH SI.pdf', '1750206001302-4. PENGOLAHAN ANALISIS SI.pdf', '1750206001304-5. ANALISIS KELEMAHAN SI.pdf', '1750206001308-6. ANALISIS SWOT SI.pdf', '1750206001310-Data Table - Orange 25_04_2025 19_22_39.png', '1750206001312-7. ANALISIS PIECES.pdf'),
(123, 113, 'FKS000109', '1750206001289-1. PENGANTAR SI.pdf', '1750206001296-2. PRINSIP DASAR ANALISIS SI.pdf', '1750206001299-3. IDENTIFIKASI MASALAH SI.pdf', '1750206001302-4. PENGOLAHAN ANALISIS SI.pdf', '1750206001304-5. ANALISIS KELEMAHAN SI.pdf', '1750206001308-6. ANALISIS SWOT SI.pdf', '1750206001310-Data Table - Orange 25_04_2025 19_22_39.png', '1750206001312-7. ANALISIS PIECES.pdf');

-- --------------------------------------------------------

--
-- Struktur dari tabel `login_logs`
--

CREATE TABLE `login_logs` (
  `id` int(11) NOT NULL,
  `user_id` char(9) CHARACTER SET utf8mb4 COLLATE utf8mb4_unicode_ci NOT NULL,
  `login_time` datetime NOT NULL
) ENGINE=InnoDB DEFAULT CHARSET=utf8mb4 COLLATE=utf8mb4_general_ci;

--
-- Dumping data untuk tabel `login_logs`
--

INSERT INTO `login_logs` (`id`, `user_id`, `login_time`) VALUES
(1, 'FKS000001', '2025-04-14 15:01:57'),
(2, 'FKS000001', '2025-04-14 15:24:47'),
(3, 'FKS000001', '2025-04-14 15:40:49'),
(4, 'FKS000001', '2025-04-14 15:43:43'),
(5, 'FKS000001', '2025-04-14 15:56:30'),
(6, 'FKS000001', '2025-04-15 01:05:06'),
(7, 'FKS000001', '2025-04-15 01:08:02'),
(9, 'FKS000001', '2025-04-20 23:06:13'),
(11, 'FKS000001', '2025-04-21 18:33:04'),
(13, 'FKS000001', '2025-04-23 09:01:39'),
(16, 'FKS000001', '2025-04-23 11:37:16'),
(18, 'FKS000001', '2025-04-23 11:44:04'),
(20, 'FKS000001', '2025-04-23 12:22:45'),
(21, 'FKS000001', '2025-04-27 06:35:17'),
(22, 'FKS000001', '2025-04-28 17:42:37'),
(24, 'FKS000001', '2025-04-29 01:48:00'),
(26, 'FKS000001', '2025-04-29 06:17:17'),
(27, 'FKS000001', '2025-04-29 09:43:45'),
(29, 'FKS000001', '2025-04-30 06:19:53'),
(32, 'FKS000001', '2025-04-30 10:15:55'),
(34, 'FKS000001', '2025-04-30 10:29:51'),
(35, 'FKS000001', '2025-04-30 11:16:59'),
(36, 'FKS000001', '2025-04-30 11:19:49'),
(40, 'FKS000001', '2025-04-30 17:46:14'),
(41, 'FKS000001', '2025-04-30 17:48:44'),
(44, 'FKS000001', '2025-04-30 20:20:35'),
(47, 'FKS000001', '2025-05-01 06:49:27'),
(51, 'FKS000001', '2025-05-01 17:18:58'),
(54, 'FKS000001', '2025-05-03 10:51:05'),
(59, 'FKS000001', '2025-05-05 02:17:10'),
(61, 'FKS000001', '2025-05-05 15:50:41'),
(63, 'FKS000001', '2025-05-06 18:31:26'),
(65, 'FKS000001', '2025-05-07 05:57:29'),
(68, 'FKS000010', '2025-05-07 11:20:52'),
(69, 'FKS000011', '2025-05-07 12:00:17'),
(70, 'FKS000001', '2025-05-20 18:28:20'),
(71, 'FKS000010', '2025-05-20 21:07:15'),
(72, 'FKS000001', '2025-05-21 06:37:25'),
(73, 'FKS000011', '2025-05-21 07:43:13'),
(74, 'FKS000013', '2025-05-21 12:35:29'),
(75, 'FKS000001', '2025-05-29 06:33:04'),
(76, 'FKS000001', '2025-06-03 02:01:27'),
(77, 'FKS000010', '2025-06-03 02:06:49'),
(78, 'FKS000001', '2025-06-04 05:11:57'),
(79, 'FKS000001', '2025-06-05 15:55:29'),
(80, 'FKS000011', '2025-06-09 09:01:12'),
(81, 'FKS000010', '2025-06-09 12:01:45'),
(82, 'FKS000011', '2025-06-10 14:19:29'),
(83, 'FKS000011', '2025-06-10 15:30:50'),
(84, 'FKS000010', '2025-06-10 16:47:45'),
(85, 'FKS000010', '2025-06-11 06:00:15'),
(86, 'FKS000010', '2025-06-11 06:42:44'),
(87, 'FKS000011', '2025-06-11 07:53:28'),
(88, 'FKS000001', '2025-06-11 09:06:43'),
(89, 'FKS000013', '2025-06-15 11:52:03'),
(90, 'FKS000011', '2025-06-16 08:04:09'),
(91, 'FKS000001', '2025-06-16 08:49:20'),
(92, 'FKS000011', '2025-06-16 08:57:47'),
(93, 'FKS000001', '2025-06-16 10:09:17'),
(94, 'FKS000011', '2025-06-16 14:55:56'),
(95, 'FKS000014', '2025-06-17 15:08:49'),
(96, 'FKS000001', '2025-06-17 16:19:40'),
(97, 'FKS000015', '2025-06-17 16:24:16'),
(98, 'FKS000001', '2025-06-17 17:08:04'),
(101, 'FKS000016', '2025-06-17 18:05:12'),
(102, 'FKS000001', '2025-06-17 18:08:59'),
(103, 'FKS000013', '2025-06-18 07:47:19'),
(104, 'FKS000001', '2025-06-18 20:09:06'),
(105, 'FKS000001', '2025-06-22 09:27:42'),
(106, 'FKS000001', '2025-06-22 09:55:24'),
(107, 'FKS000005', '2025-06-22 11:30:12'),
(108, 'FKS000001', '2025-06-23 11:52:13'),
(109, 'FKS000001', '2025-06-24 12:34:06'),
(110, 'FKS000001', '2025-06-24 14:20:27'),
(111, 'FKS000001', '2025-06-24 14:28:38');

-- --------------------------------------------------------

--
-- Struktur dari tabel `pembayaran`
--

CREATE TABLE `pembayaran` (
  `id` bigint(20) NOT NULL,
  `id_pendaftaran` bigint(20) NOT NULL,
  `user_id` char(9) CHARACTER SET utf8mb4 COLLATE utf8mb4_unicode_ci NOT NULL,
  `total` int(11) NOT NULL,
  `bukti_pembayaran` varchar(255) NOT NULL
) ENGINE=InnoDB DEFAULT CHARSET=utf8mb4 COLLATE=utf8mb4_general_ci;

--
-- Dumping data untuk tabel `pembayaran`
--

INSERT INTO `pembayaran` (`id`, `id_pendaftaran`, `user_id`, `total`, `bukti_pembayaran`) VALUES
(4, 12, 'FKS000011', 54000, '1747790024224-Screenshot 2025-04-20 221138.png'),
(13, 13, 'FKS000010', 104000, '1749607528649-__alpha_and_lucia_crimson_weave_punishing_gray_raven__1db0c13b233ffb1cd3e09068985edaaa.jpg'),
(14, 15, 'FKS000014', 254000, '1750156386846-Technopreneur_Flyer_Arif Maulana_C2283207029.jpg'),
(15, 16, 'FKS000015', 304000, '1750156852285-Screenshot 2025-05-27 050900.png'),
(16, 19, 'FKS000016', 254000, '1750206056922-Feature Statistics - Orange 25_04_2025 19_30_22.png'),
(17, 20, 'FKS000013', 254000, '1750210767891-Feature Statistics - Orange 25_04_2025 19_30_22.png'),
(18, 21, 'FKS000017', 453671, '1750210767891-Feature Statistics - Orange 25_04_2025 19_30_22.png'),
(19, 22, 'FKS000018', 297033, '1750210767891-Feature Statistics - Orange 25_04_2025 19_30_22.png'),
(20, 23, 'FKS000019', 150418, '1750210767891-Feature Statistics - Orange 25_04_2025 19_30_22.png'),
(21, 24, 'FKS000020', 515722, '1750210767891-Feature Statistics - Orange 25_04_2025 19_30_22.png'),
(22, 25, 'FKS000021', 277317, '1750210767891-Feature Statistics - Orange 25_04_2025 19_30_22.png'),
(23, 26, 'FKS000022', 100103, '1750210767891-Feature Statistics - Orange 25_04_2025 19_30_22.png'),
(24, 27, 'FKS000023', 105319, '1750210767891-Feature Statistics - Orange 25_04_2025 19_30_22.png'),
(25, 28, 'FKS000024', 494719, '1750210767891-Feature Statistics - Orange 25_04_2025 19_30_22.png'),
(26, 29, 'FKS000025', 969124, '1750210767891-Feature Statistics - Orange 25_04_2025 19_30_22.png'),
(27, 30, 'FKS000026', 611783, '1750210767891-Feature Statistics - Orange 25_04_2025 19_30_22.png'),
(28, 31, 'FKS000027', 170562, '1750210767891-Feature Statistics - Orange 25_04_2025 19_30_22.png'),
(29, 32, 'FKS000028', 983720, '1750210767891-Feature Statistics - Orange 25_04_2025 19_30_22.png'),
(30, 33, 'FKS000029', 121555, '1750210767891-Feature Statistics - Orange 25_04_2025 19_30_22.png'),
(31, 34, 'FKS000030', 538891, '1750210767891-Feature Statistics - Orange 25_04_2025 19_30_22.png'),
(32, 35, 'FKS000031', 904449, '1750210767891-Feature Statistics - Orange 25_04_2025 19_30_22.png'),
(33, 36, 'FKS000032', 472821, '1750210767891-Feature Statistics - Orange 25_04_2025 19_30_22.png'),
(34, 37, 'FKS000033', 274492, '1750210767891-Feature Statistics - Orange 25_04_2025 19_30_22.png'),
(35, 38, 'FKS000034', 910904, '1750210767891-Feature Statistics - Orange 25_04_2025 19_30_22.png'),
(36, 39, 'FKS000035', 655902, '1750210767891-Feature Statistics - Orange 25_04_2025 19_30_22.png'),
(37, 40, 'FKS000036', 945373, '1750210767891-Feature Statistics - Orange 25_04_2025 19_30_22.png'),
(38, 41, 'FKS000037', 478401, '1750210767891-Feature Statistics - Orange 25_04_2025 19_30_22.png'),
(39, 42, 'FKS000038', 420998, '1750210767891-Feature Statistics - Orange 25_04_2025 19_30_22.png'),
(40, 43, 'FKS000039', 221166, '1750210767891-Feature Statistics - Orange 25_04_2025 19_30_22.png'),
(41, 44, 'FKS000040', 286973, '1750210767891-Feature Statistics - Orange 25_04_2025 19_30_22.png'),
(42, 45, 'FKS000041', 549160, '1750210767891-Feature Statistics - Orange 25_04_2025 19_30_22.png'),
(43, 46, 'FKS000042', 392193, '1750210767891-Feature Statistics - Orange 25_04_2025 19_30_22.png'),
(44, 47, 'FKS000043', 561148, '1750210767891-Feature Statistics - Orange 25_04_2025 19_30_22.png'),
(45, 48, 'FKS000044', 337315, '1750210767891-Feature Statistics - Orange 25_04_2025 19_30_22.png'),
(46, 49, 'FKS000045', 800944, '1750210767891-Feature Statistics - Orange 25_04_2025 19_30_22.png'),
(47, 50, 'FKS000046', 779523, '1750210767891-Feature Statistics - Orange 25_04_2025 19_30_22.png'),
(48, 51, 'FKS000047', 644417, '1750210767891-Feature Statistics - Orange 25_04_2025 19_30_22.png'),
(49, 52, 'FKS000048', 861275, '1750210767891-Feature Statistics - Orange 25_04_2025 19_30_22.png'),
(50, 53, 'FKS000049', 754463, '1750210767891-Feature Statistics - Orange 25_04_2025 19_30_22.png'),
(51, 54, 'FKS000050', 295711, '1750210767891-Feature Statistics - Orange 25_04_2025 19_30_22.png'),
(52, 55, 'FKS000051', 749834, '1750210767891-Feature Statistics - Orange 25_04_2025 19_30_22.png'),
(53, 56, 'FKS000052', 422087, '1750210767891-Feature Statistics - Orange 25_04_2025 19_30_22.png'),
(54, 57, 'FKS000053', 262174, '1750210767891-Feature Statistics - Orange 25_04_2025 19_30_22.png'),
(55, 58, 'FKS000054', 364299, '1750210767891-Feature Statistics - Orange 25_04_2025 19_30_22.png'),
(56, 59, 'FKS000055', 100395, '1750210767891-Feature Statistics - Orange 25_04_2025 19_30_22.png'),
(57, 60, 'FKS000056', 477633, '1750210767891-Feature Statistics - Orange 25_04_2025 19_30_22.png'),
(58, 61, 'FKS000057', 235524, '1750210767891-Feature Statistics - Orange 25_04_2025 19_30_22.png'),
(59, 62, 'FKS000058', 506648, '1750210767891-Feature Statistics - Orange 25_04_2025 19_30_22.png'),
(60, 63, 'FKS000059', 840339, '1750210767891-Feature Statistics - Orange 25_04_2025 19_30_22.png'),
(61, 64, 'FKS000060', 575943, '1750210767891-Feature Statistics - Orange 25_04_2025 19_30_22.png'),
(62, 65, 'FKS000061', 318010, '1750210767891-Feature Statistics - Orange 25_04_2025 19_30_22.png'),
(63, 66, 'FKS000062', 816785, '1750210767891-Feature Statistics - Orange 25_04_2025 19_30_22.png'),
(64, 67, 'FKS000063', 587593, '1750210767891-Feature Statistics - Orange 25_04_2025 19_30_22.png'),
(65, 68, 'FKS000064', 810847, '1750210767891-Feature Statistics - Orange 25_04_2025 19_30_22.png'),
(66, 69, 'FKS000065', 242519, '1750210767891-Feature Statistics - Orange 25_04_2025 19_30_22.png'),
(67, 70, 'FKS000066', 712703, '1750210767891-Feature Statistics - Orange 25_04_2025 19_30_22.png'),
(68, 71, 'FKS000067', 527797, '1750210767891-Feature Statistics - Orange 25_04_2025 19_30_22.png'),
(69, 72, 'FKS000068', 813329, '1750210767891-Feature Statistics - Orange 25_04_2025 19_30_22.png'),
(70, 73, 'FKS000069', 885361, '1750210767891-Feature Statistics - Orange 25_04_2025 19_30_22.png'),
(71, 74, 'FKS000070', 316014, '1750210767891-Feature Statistics - Orange 25_04_2025 19_30_22.png'),
(72, 75, 'FKS000071', 786915, '1750210767891-Feature Statistics - Orange 25_04_2025 19_30_22.png'),
(73, 76, 'FKS000072', 404417, '1750210767891-Feature Statistics - Orange 25_04_2025 19_30_22.png'),
(74, 77, 'FKS000073', 195728, '1750210767891-Feature Statistics - Orange 25_04_2025 19_30_22.png'),
(75, 78, 'FKS000074', 200430, '1750210767891-Feature Statistics - Orange 25_04_2025 19_30_22.png'),
(76, 79, 'FKS000075', 157446, '1750210767891-Feature Statistics - Orange 25_04_2025 19_30_22.png'),
(77, 80, 'FKS000076', 958667, '1750210767891-Feature Statistics - Orange 25_04_2025 19_30_22.png'),
(78, 81, 'FKS000077', 339238, '1750210767891-Feature Statistics - Orange 25_04_2025 19_30_22.png'),
(79, 82, 'FKS000078', 285408, '1750210767891-Feature Statistics - Orange 25_04_2025 19_30_22.png'),
(80, 83, 'FKS000079', 384487, '1750210767891-Feature Statistics - Orange 25_04_2025 19_30_22.png'),
(81, 84, 'FKS000080', 908963, '1750210767891-Feature Statistics - Orange 25_04_2025 19_30_22.png'),
(82, 85, 'FKS000081', 808068, '1750210767891-Feature Statistics - Orange 25_04_2025 19_30_22.png'),
(83, 86, 'FKS000082', 689250, '1750210767891-Feature Statistics - Orange 25_04_2025 19_30_22.png'),
(84, 87, 'FKS000083', 962926, '1750210767891-Feature Statistics - Orange 25_04_2025 19_30_22.png'),
(85, 88, 'FKS000084', 258134, '1750210767891-Feature Statistics - Orange 25_04_2025 19_30_22.png'),
(86, 89, 'FKS000085', 114174, '1750210767891-Feature Statistics - Orange 25_04_2025 19_30_22.png'),
(87, 90, 'FKS000086', 977740, '1750210767891-Feature Statistics - Orange 25_04_2025 19_30_22.png'),
(88, 91, 'FKS000087', 866836, '1750210767891-Feature Statistics - Orange 25_04_2025 19_30_22.png'),
(89, 92, 'FKS000088', 486590, '1750210767891-Feature Statistics - Orange 25_04_2025 19_30_22.png'),
(90, 93, 'FKS000089', 777336, '1750210767891-Feature Statistics - Orange 25_04_2025 19_30_22.png'),
(91, 94, 'FKS000090', 964557, '1750210767891-Feature Statistics - Orange 25_04_2025 19_30_22.png'),
(92, 95, 'FKS000091', 374121, '1750210767891-Feature Statistics - Orange 25_04_2025 19_30_22.png'),
(93, 96, 'FKS000092', 299506, '1750210767891-Feature Statistics - Orange 25_04_2025 19_30_22.png'),
(94, 97, 'FKS000093', 129250, '1750210767891-Feature Statistics - Orange 25_04_2025 19_30_22.png'),
(95, 98, 'FKS000094', 901133, '1750210767891-Feature Statistics - Orange 25_04_2025 19_30_22.png'),
(96, 99, 'FKS000095', 155416, '1750210767891-Feature Statistics - Orange 25_04_2025 19_30_22.png'),
(97, 100, 'FKS000096', 447500, '1750210767891-Feature Statistics - Orange 25_04_2025 19_30_22.png'),
(98, 101, 'FKS000097', 447500, '1750210767891-Feature Statistics - Orange 25_04_2025 19_30_22.png'),
(99, 102, 'FKS000098', 447500, '1750210767891-Feature Statistics - Orange 25_04_2025 19_30_22.png'),
(100, 103, 'FKS000099', 447500, '1750210767891-Feature Statistics - Orange 25_04_2025 19_30_22.png'),
(101, 104, 'FKS000100', 447500, '1750210767891-Feature Statistics - Orange 25_04_2025 19_30_22.png'),
(102, 14, 'FKS000005', 447500, '1750210767891-Feature Statistics - Orange 25_04_2025 19_30_22.png'),
(103, 105, 'FKS000101', 447500, '1750210767891-Feature Statistics - Orange 25_04_2025 19_30_22.png'),
(104, 106, 'FKS000102', 447500, '1750210767891-Feature Statistics - Orange 25_04_2025 19_30_22.png'),
(105, 107, 'FKS000103', 447500, '1750210767891-Feature Statistics - Orange 25_04_2025 19_30_22.png'),
(106, 108, 'FKS000104', 447500, '1750210767891-Feature Statistics - Orange 25_04_2025 19_30_22.png'),
(107, 109, 'FKS000105', 447500, '1750210767891-Feature Statistics - Orange 25_04_2025 19_30_22.png'),
(108, 110, 'FKS000106', 447500, '1750210767891-Feature Statistics - Orange 25_04_2025 19_30_22.png'),
(109, 111, 'FKS000107', 447500, '1750210767891-Feature Statistics - Orange 25_04_2025 19_30_22.png'),
(110, 112, 'FKS000108', 447500, '1750210767891-Feature Statistics - Orange 25_04_2025 19_30_22.png'),
(111, 113, 'FKS000109', 447500, '1750210767891-Feature Statistics - Orange 25_04_2025 19_30_22.png');

-- --------------------------------------------------------

--
-- Struktur dari tabel `pendaftaran`
--

CREATE TABLE `pendaftaran` (
  `id_pendaftaran` bigint(20) NOT NULL,
  `id_user` char(9) CHARACTER SET utf8mb4 COLLATE utf8mb4_unicode_ci NOT NULL,
  `id_seleksi` int(11) NOT NULL,
  `nama_lengkap` varchar(255) NOT NULL,
  `no_hp` char(50) NOT NULL,
  `tgl_lahir` date NOT NULL,
  `kewarganegaraan` varchar(255) NOT NULL,
  `nama_ortu` varchar(255) NOT NULL,
  `jenis_kelamin` enum('laki-laki','perempuan') NOT NULL,
  `email` varchar(255) NOT NULL,
  `tmpt_lahir` varchar(255) NOT NULL,
  `nik_ktp` varchar(16) NOT NULL,
  `no_hp_ortu` char(50) NOT NULL,
  `provinsi` varchar(255) NOT NULL,
  `jenis_sekolah` varchar(255) NOT NULL,
  `jurusan_sekolah` varchar(255) NOT NULL,
  `alamat_sekolah` varchar(255) NOT NULL,
  `nama_sekolah` varchar(255) NOT NULL,
  `tahun_lulus` year(4) NOT NULL,
  `prodi1` varchar(255) NOT NULL,
  `prodi2` varchar(255) NOT NULL,
  `konfirmasi` tinyint(1) NOT NULL DEFAULT 0,
  `created_at` date NOT NULL DEFAULT current_timestamp()
) ENGINE=InnoDB DEFAULT CHARSET=utf8mb4 COLLATE=utf8mb4_general_ci;

--
-- Dumping data untuk tabel `pendaftaran`
--

INSERT INTO `pendaftaran` (`id_pendaftaran`, `id_user`, `id_seleksi`, `nama_lengkap`, `no_hp`, `tgl_lahir`, `kewarganegaraan`, `nama_ortu`, `jenis_kelamin`, `email`, `tmpt_lahir`, `nik_ktp`, `no_hp_ortu`, `provinsi`, `jenis_sekolah`, `jurusan_sekolah`, `alamat_sekolah`, `nama_sekolah`, `tahun_lulus`, `prodi1`, `prodi2`, `konfirmasi`, `created_at`) VALUES
(12, 'FKS000011', 1, 'Dinda Budi Utami', '081563901981', '2002-12-02', 'Indonesia', 'Lani', 'perempuan', 'dinda@gmail.com', 'Tasikmalaya', 'nfierfoerof', '081563901981', 'Jawa Barat', 'SMA', 'IPS', 'Kota Tasikmalaya', 'SMAN 7 Tasikmalaya', '2022', '1', '2', 1, '2022-12-28'),
(13, 'FKS000010', 1, 'Acep Ikmal', '081563901981', '2001-01-01', 'Ivory Coast', 'ntah', 'perempuan', 'acep@gmail.com', 'tasik', 'XXXXXXXX', '081563901981', 'Jambi', 'SMA', 'ips', 'Kabupaten Aceh Barat', 'SMA Ntah Tasikmaaya', '2025', '6', '5', 1, '2025-04-15'),
(14, 'FKS000005', 1, 'Popura', '081563901981', '2002-02-02', 'Indonesia', 'Ntah', 'laki-laki', 'popura@gmail.com', 'Pangandaran', 'XXXXXXXX', '081563901981', 'Jawa Barat', 'MA', 'Agama', 'Kabupaten Pangandaran', 'MA Ntah Pangandaran', '2025', '3', '4', 1, '2025-03-16'),
(15, 'FKS000014', 1, 'Septian Wielino', '083822739000', '1999-05-20', 'Indonesia', 'Tayo', 'laki-laki', 'wielino@gmail.com', 'ciamis', '1111111111111112', '083822739111', 'Jawa Barat', 'MA', 'Teknik nyaping', '', '0000000000000001', '2007', '1', '3', 1, '2025-03-17'),
(16, 'FKS000015', 1, 'Koko Ro', '085798805385', '2002-01-28', 'Indonesia', 'Tidak tau', 'laki-laki', 'koko@gmail.com', 'Tasikmalaya', '35-76-01-44-03-9', '085798805385', 'Jawa Barat', 'SMK', 'TKJ', 'Kota Metro', 'SMKN 1 Tasikmalaya', '2024', '6', '5', 1, '2025-05-17'),
(19, 'FKS000016', 1, 'burhan', 'XXXXXXXXXXXX', '2005-03-04', 'Indonesia', 'bapak burhan', 'laki-laki', 'burhan@gmail.com', 'Tasikmalaya', 'XXXXXXXXXXXXXXXX', 'XXXXXXXXXXXX', 'Jawa Barat', 'SMA', 'IPS', 'Kota Tasikmalaya', 'XXXXXXXX', '2025', '2', '1', 1, '2023-06-18'),
(20, 'FKS000013', 1, 'husni Firdaus', 'XXXXXXXXXXXX', '2004-04-24', 'Indonesia', 'mamah husni', 'laki-laki', 'husni@gmail.com', 'Tasikmalaya', 'XXXXXXXXXXXXXXXX', 'XXXXXXXXXXXX', 'Jawa Barat', 'MA', 'IPS', 'Kota Tasikmalaya', 'XXXXXXXX', '2023', '4', '6', 1, '2024-06-18'),
(21, 'FKS000017', 1, 'Andi Saputra', '083163560914', '2005-06-15', 'Indonesia', 'Ortu Andi', 'laki-laki', 'andi.saputra@example.com', 'Tasikmalaya', '3257566844112021', '082257507506', 'Jawa Barat', 'SMA', 'IPS', 'Jl. Contoh No. 123', 'SMAN 1 Tasikmalaya', '2021', '4', '1', 1, '2025-04-18'),
(22, 'FKS000018', 1, 'Budi Santoso', '088937925444', '2004-07-12', 'Indonesia', 'Ortu Budi', 'laki-laki', 'budi.santoso@example.com', 'Tasikmalaya', '3274805411381226', '086531412359', 'Jawa Barat', 'SMA', 'IPA', 'Jl. Contoh No. 123', 'SMAN 1 Tasikmalaya', '2024', '1', '4', 1, '2025-01-14'),
(23, 'FKS000019', 1, 'Citra Lestari', '087772055656', '2005-12-13', 'Indonesia', 'Ortu Citra', 'perempuan', 'citra.lestari@example.com', 'Tasikmalaya', '3269751084549598', '082116862861', 'Jawa Barat', 'SMA', 'IPS', 'Jl. Contoh No. 123', 'SMAN 1 Tasikmalaya', '2022', '2', '5', 1, '2025-06-23'),
(24, 'FKS000020', 1, 'Dian Pratama', '086988606877', '2007-05-12', 'Indonesia', 'Ortu Dian', 'laki-laki', 'dian.pratama@example.com', 'Tasikmalaya', '3241432270663359', '088174874229', 'Jawa Barat', 'SMA', 'IPS', 'Jl. Contoh No. 123', 'SMAN 1 Tasikmalaya', '2020', '1', '2', 1, '2025-06-23'),
(25, 'FKS000021', 1, 'Eka Wulandari', '085853734811', '2007-04-20', 'Indonesia', 'Ortu Eka', 'perempuan', 'eka.wulandari@example.com', 'Tasikmalaya', '3239088971374424', '083549395317', 'Jawa Barat', 'SMA', 'IPA', 'Jl. Contoh No. 123', 'SMAN 1 Tasikmalaya', '2020', '5', '4', 1, '2025-06-22'),
(26, 'FKS000022', 1, 'Fajar Hidayat', '086471648693', '2004-05-06', 'Indonesia', 'Ortu Fajar', 'laki-laki', 'fajar.hidayat@example.com', 'Tasikmalaya', '3247616239181192', '081365351569', 'Jawa Barat', 'SMA', 'IPA', 'Jl. Contoh No. 123', 'SMAN 1 Tasikmalaya', '2022', '2', '3', 1, '2025-06-22'),
(27, 'FKS000023', 1, 'Gita Ramadhani', '082268796277', '2006-09-18', 'Indonesia', 'Ortu Gita', 'perempuan', 'gita.ramadhani@example.com', 'Tasikmalaya', '3202653136140678', '082647643320', 'Jawa Barat', 'SMA', 'Bahasa', 'Jl. Contoh No. 123', 'SMAN 1 Tasikmalaya', '2020', '5', '5', 1, '2025-06-24'),
(28, 'FKS000024', 1, 'Hendra Wijaya', '083199367536', '2005-02-18', 'Indonesia', 'Ortu Hendra', 'laki-laki', 'hendra.wijaya@example.com', 'Tasikmalaya', '3272860633932558', '088432740131', 'Jawa Barat', 'SMA', 'IPS', 'Jl. Contoh No. 123', 'SMAN 1 Tasikmalaya', '2019', '5', '6', 1, '2025-06-24'),
(29, 'FKS000025', 1, 'Intan Permatasari', '084302844071', '2005-04-30', 'Indonesia', 'Ortu Intan', 'perempuan', 'intan.permatasari@example.com', 'Tasikmalaya', '3231998157065374', '086625110343', 'Jawa Barat', 'SMA', 'IPA', 'Jl. Contoh No. 123', 'SMAN 1 Tasikmalaya', '2022', '1', '3', 1, '2025-06-24'),
(30, 'FKS000026', 1, 'Joko Siregar', '088698948793', '2004-09-03', 'Indonesia', 'Ortu Joko', 'laki-laki', 'joko.siregar@example.com', 'Tasikmalaya', '3284774009485999', '085225510391', 'Jawa Barat', 'SMA', 'IPA', 'Jl. Contoh No. 123', 'SMAN 1 Tasikmalaya', '2023', '3', '5', 1, '2025-04-15'),
(31, 'FKS000027', 1, 'Kartika Dewi', '083141792882', '2004-09-14', 'Indonesia', 'Ortu Kartika', 'perempuan', 'kartika.dewi@example.com', 'Tasikmalaya', '3276389098655294', '087229908013', 'Jawa Barat', 'SMA', 'Bahasa', 'Jl. Contoh No. 123', 'SMAN 1 Tasikmalaya', '2024', '2', '6', 1, '2025-04-15'),
(32, 'FKS000028', 1, 'Lukman Hakim', '083719918712', '2001-06-04', 'Indonesia', 'Ortu Lukman', 'laki-laki', 'lukman.hakim@example.com', 'Tasikmalaya', '3200933697309606', '085451273902', 'Jawa Barat', 'SMA', 'IPA', 'Jl. Contoh No. 123', 'SMAN 1 Tasikmalaya', '2022', '5', '1', 1, '2025-03-16'),
(33, 'FKS000029', 1, 'Maya Sari', '081134215550', '2000-07-24', 'Indonesia', 'Ortu Maya', 'perempuan', 'maya.sari@example.com', 'Tasikmalaya', '3201421325238227', '089024500899', 'Jawa Barat', 'SMA', 'IPS', 'Jl. Contoh No. 123', 'SMAN 1 Tasikmalaya', '2022', '1', '2', 1, '2025-04-16'),
(34, 'FKS000030', 1, 'Nugroho Aditya', '085682483900', '2006-08-13', 'Indonesia', 'Ortu Nugroho', 'laki-laki', 'nugroho.aditya@example.com', 'Tasikmalaya', '3256597657202613', '085009077780', 'Jawa Barat', 'SMA', 'IPA', 'Jl. Contoh No. 123', 'SMAN 1 Tasikmalaya', '2019', '2', '6', 1, '2025-04-16'),
(35, 'FKS000031', 1, 'Oktavia Puspita', '087896535408', '2006-04-11', 'Indonesia', 'Ortu Oktavia', 'perempuan', 'oktavia.puspita@example.com', 'Tasikmalaya', '3206629422590917', '083204859489', 'Jawa Barat', 'SMA', 'IPA', 'Jl. Contoh No. 123', 'SMAN 1 Tasikmalaya', '2024', '5', '6', 1, '2025-05-18'),
(36, 'FKS000032', 1, 'Putra Mahardika', '086391629662', '2005-11-05', 'Indonesia', 'Ortu Putra', 'laki-laki', 'putra.mahardika@example.com', 'Tasikmalaya', '3238697035927815', '088853656006', 'Jawa Barat', 'SMA', 'IPS', 'Jl. Contoh No. 123', 'SMAN 1 Tasikmalaya', '2020', '2', '6', 1, '2025-05-18'),
(37, 'FKS000033', 1, 'Qori Azzahra', '081955792611', '2002-02-18', 'Indonesia', 'Ortu Qori', 'perempuan', 'qori.azzahra@example.com', 'Tasikmalaya', '3254998694919859', '081546572569', 'Jawa Barat', 'SMA', 'IPS', 'Jl. Contoh No. 123', 'SMAN 1 Tasikmalaya', '2020', '6', '1', 1, '2025-05-18'),
(38, 'FKS000034', 1, 'Rizky Amelia', '087777224194', '2006-08-03', 'Indonesia', 'Ortu Rizky', 'perempuan', 'rizky.amelia@example.com', 'Tasikmalaya', '3261687794028945', '086695431742', 'Jawa Barat', 'SMA', 'Bahasa', 'Jl. Contoh No. 123', 'SMAN 1 Tasikmalaya', '2021', '1', '3', 1, '2025-05-18'),
(39, 'FKS000035', 1, 'Satria Prabowo', '086720364094', '2003-05-03', 'Indonesia', 'Ortu Satria', 'laki-laki', 'satria.prabowo@example.com', 'Tasikmalaya', '3266049286702932', '082950171517', 'Jawa Barat', 'SMA', 'IPS', 'Jl. Contoh No. 123', 'SMAN 1 Tasikmalaya', '2024', '3', '3', 1, '2025-05-18'),
(40, 'FKS000036', 1, 'Tari Handayani', '086603645018', '2005-12-23', 'Indonesia', 'Ortu Tari', 'perempuan', 'tari.handayani@example.com', 'Tasikmalaya', '3257911873520937', '083610593055', 'Jawa Barat', 'SMA', 'IPA', 'Jl. Contoh No. 123', 'SMAN 1 Tasikmalaya', '2022', '5', '4', 1, '2024-06-18'),
(41, 'FKS000037', 1, 'Umar Said', '089783051165', '2004-06-19', 'Indonesia', 'Ortu Umar', 'laki-laki', 'umar.said@example.com', 'Tasikmalaya', '3277419610540857', '088477010624', 'Jawa Barat', 'SMA', 'Bahasa', 'Jl. Contoh No. 123', 'SMAN 1 Tasikmalaya', '2021', '5', '3', 1, '2024-06-18'),
(42, 'FKS000038', 1, 'Vina Yuliana', '086864059905', '2003-10-23', 'Indonesia', 'Ortu Vina', 'perempuan', 'vina.yuliana@example.com', 'Tasikmalaya', '3290709061803647', '089451889818', 'Jawa Barat', 'SMA', 'IPA', 'Jl. Contoh No. 123', 'SMAN 1 Tasikmalaya', '2021', '6', '1', 1, '2024-06-18'),
(43, 'FKS000039', 1, 'Wawan Hermawan', '089171647297', '2007-04-18', 'Indonesia', 'Ortu Wawan', 'laki-laki', 'wawan.hermawan@example.com', 'Tasikmalaya', '3227237298506685', '088321550992', 'Jawa Barat', 'SMA', 'IPA', 'Jl. Contoh No. 123', 'SMAN 1 Tasikmalaya', '2024', '1', '1', 1, '2024-06-18'),
(44, 'FKS000040', 1, 'Capa Astuti', '+62-718-623-6323', '2003-06-06', 'Indonesia', 'Ortu Capa', 'laki-laki', 'lnababan@perum.mil', 'Tasikmalaya', '9776017231371528', '(009) 945-2731', 'Jawa Barat', 'MA', 'Akuntansi', 'Jl. Gang Rajawali Barat No. 123', 'SMAN 2 Cirebon', '2023', '6', '1', 1, '2022-06-22'),
(45, 'FKS000041', 1, 'Ellis Januar', '+62 (0501) 700 4524', '2005-01-23', 'Indonesia', 'Ortu Ellis', 'laki-laki', 'wacanakarja@hotmail.com', 'Tasikmalaya', '1098784088818578', '+62 (897) 673 6438', 'Jawa Barat', 'SMK', 'Bahasa', 'Jl. Jalan Kebonjati No. 149', 'SMKN 2 Tasikmalaya', '2021', '6', '3', 1, '2022-06-22'),
(46, 'FKS000042', 1, 'Ibrani Rahayu', '085 919 3309', '2006-10-04', 'Indonesia', 'Ortu Ibrani', 'laki-laki', 'cakrabirawa00@yahoo.com', 'Tasikmalaya', '6051204394215249', '081 172 9647', 'Jawa Barat', 'SMK', 'Bahasa', 'Jl. Jl. Stasiun Wonokromo No. 137', 'SMKN 2 Tasikmalaya', '2022', '2', '4', 1, '2022-06-22'),
(47, 'FKS000043', 1, 'Yosef Siregar', '0822870934', '2005-02-10', 'Indonesia', 'Ortu Yosef', 'laki-laki', 'ramapalastri@hotmail.com', 'Tasikmalaya', '7783598240496608', '+62 (0981) 993-9580', 'Jawa Barat', 'SMK', 'Akuntansi', 'Jl. Jl. Pelajar Pejuang No. 159', 'SMK PGRI 1 Ciamis', '2022', '1', '3', 1, '2022-06-22'),
(48, 'FKS000044', 1, 'Tiara Susanti, S.Pt', '+62-0940-457-4759', '2004-05-19', 'Indonesia', 'Ortu Tiara', 'laki-laki', 'saifulsafitri@hotmail.com', 'Tasikmalaya', '6227720349702068', '081 166 0622', 'Jawa Barat', 'SMA', 'Teknik', 'Jl. Jalan Ahmad Dahlan No. 30', 'SMKN 2 Tasikmalaya', '2022', '4', '5', 1, '2022-06-22'),
(49, 'FKS000045', 1, 'Shania Rahayu', '+62 (0073) 588 3380', '2005-05-05', 'Indonesia', 'Ortu Shania', 'laki-laki', 'darijan06@yahoo.com', 'Tasikmalaya', '2846121040848750', '+62 (806) 513 8994', 'Jawa Barat', 'SMK', 'IPA', 'Jl. Gg. Soekarno Hatta No. 181', 'MAN 3 Jakarta', '2024', '1', '6', 1, '2022-06-22'),
(50, 'FKS000046', 1, 'Titin Winarsih', '+62-059-000-3757', '2005-09-17', 'Indonesia', 'Ortu Titin', 'laki-laki', 'margana09@gmail.com', 'Tasikmalaya', '5960564422698330', '089 337 1243', 'Jawa Barat', 'SMK', 'Akuntansi', 'Jl. Gang Bangka Raya No. 9', 'SMAN 1 Bandung', '2022', '6', '6', 1, '2022-06-22'),
(51, 'FKS000047', 1, 'Umi Kuswoyo', '+62 (0006) 933 3760', '2005-08-20', 'Indonesia', 'Ortu Umi', 'laki-laki', 'danuja20@perum.gov', 'Tasikmalaya', '7805756406979599', '+62 (349) 270-4297', 'Jawa Barat', 'MA', 'IPA', 'Jl. Jl. M.T Haryono No. 159', 'SMKN 2 Tasikmalaya', '2024', '6', '5', 1, '2022-06-22'),
(52, 'FKS000048', 1, 'Dinda Pertiwi', '+62 (0546) 900-8396', '2003-06-02', 'Indonesia', 'Ortu Dinda', 'laki-laki', 'mumpuni20@hotmail.com', 'Tasikmalaya', '3537055881008016', '(0997) 584-8900', 'Jawa Barat', 'SMK', 'IPS', 'Jl. Gang H.J Maemunah No. 160', 'MAN 3 Jakarta', '2021', '1', '4', 1, '2022-06-22'),
(53, 'FKS000049', 1, 'Hamzah Ardianto', '+62 (01) 797-3008', '2006-02-14', 'Indonesia', 'Ortu Hamzah', 'laki-laki', 'ikhsanwibowo@yahoo.com', 'Tasikmalaya', '6239409543082835', '(094) 580-1480', 'Jawa Barat', 'SMK', 'Bahasa', 'Jl. Jalan M.T Haryono No. 108', 'SMAN 2 Cirebon', '2022', '5', '3', 1, '2022-06-22'),
(54, 'FKS000050', 1, 'Pia Sinaga', '+62 (18) 078 3573', '2005-06-23', 'Indonesia', 'Ortu Pia', 'laki-laki', 'mahdidabukke@gmail.com', 'Tasikmalaya', '5432813731013336', '(0830) 301-0354', 'Jawa Barat', 'SMK', 'Teknik', 'Jl. Jalan Kapten Muslihat No. 62', 'SMK PGRI 1 Ciamis', '2021', '2', '1', 1, '2022-06-22'),
(55, 'FKS000051', 1, 'dr. Harimurti Prasetyo', '+62 (0270) 714-5441', '2007-03-26', 'Indonesia', 'Ortu dr.', 'laki-laki', 'chandra67@yahoo.com', 'Tasikmalaya', '5105840421849378', '+62 (101) 771 5817', 'Jawa Barat', 'SMK', 'IPA', 'Jl. Jalan W.R. Supratman No. 79', 'SMK PGRI 1 Ciamis', '2022', '3', '2', 1, '2022-06-22'),
(56, 'FKS000052', 1, 'Warsita Kuswoyo', '+62 (92) 139-2961', '2006-06-11', 'Indonesia', 'Ortu Warsita', 'laki-laki', 'jatmikosimanjuntak@gmail.com', 'Tasikmalaya', '3187098501455339', '(087) 018 2447', 'Jawa Barat', 'SMA', 'Bahasa', 'Jl. Gang Ciwastra No. 100', 'SMK PGRI 1 Ciamis', '2023', '3', '5', 1, '2022-06-22'),
(57, 'FKS000053', 1, 'R.A. Maria Saptono', '+62 (901) 023-0545', '2006-10-04', 'Indonesia', 'Ortu R.A.', 'laki-laki', 'idawinarno@gmail.com', 'Tasikmalaya', '8669676487688600', '+62-595-300-2590', 'Jawa Barat', 'SMK', 'Akuntansi', 'Jl. Gang Raya Ujungberung No. 18', 'SMK PGRI 1 Ciamis', '2022', '5', '1', 1, '2022-06-22'),
(58, 'FKS000054', 1, 'Opan Agustina', '+62 (0721) 830-5086', '2003-05-26', 'Indonesia', 'Ortu Opan', 'laki-laki', 'januarsabrina@yahoo.com', 'Tasikmalaya', '9391294505567770', '+62 (43) 089 1752', 'Jawa Barat', 'MA', 'Bahasa', 'Jl. Jl. Pasir Koja No. 181', 'MAN 3 Jakarta', '2022', '2', '3', 1, '2022-06-22'),
(59, 'FKS000055', 1, 'Zelda Prastuti', '+62 (051) 378-5689', '2003-09-02', 'Indonesia', 'Ortu Zelda', 'laki-laki', 'cawukwaluyo@perum.net', 'Tasikmalaya', '1219210412675612', '+62 (297) 959-1028', 'Jawa Barat', 'MA', 'IPS', 'Jl. Gang Indragiri No. 115', 'SMAN 2 Cirebon', '2023', '2', '3', 1, '2022-06-22'),
(60, 'FKS000056', 1, 'Dt. Darijan Waluyo', '+62 (013) 420 3481', '2007-09-01', 'Indonesia', 'Ortu Dt.', 'laki-laki', 'rosmanwijayanti@hotmail.com', 'Tasikmalaya', '3077199652885006', '(050) 301 9206', 'Jawa Barat', 'MA', 'Akuntansi', 'Jl. Gang Kutai No. 4', 'SMAN 1 Bandung', '2023', '3', '5', 1, '2023-06-22'),
(61, 'FKS000057', 1, 'Wadi Marpaung', '+62 (0884) 151 1049', '2006-02-22', 'Indonesia', 'Ortu Wadi', 'laki-laki', 'saptonoumay@perum.go.id', 'Tasikmalaya', '3555771428079112', '+62-050-929-2150', 'Jawa Barat', 'SMA', 'IPA', 'Jl. Jl. Dipenogoro No. 48', 'SMAN 1 Bandung', '2023', '3', '1', 1, '2023-06-22'),
(62, 'FKS000058', 1, 'Tami Fujiati', '0826465691', '2007-02-20', 'Indonesia', 'Ortu Tami', 'laki-laki', 'nnovitasari@yahoo.com', 'Tasikmalaya', '5718631855893888', '+62 (802) 659-6605', 'Jawa Barat', 'SMK', 'IPS', 'Jl. Gg. Rajawali Timur No. 10', 'SMAN 2 Cirebon', '2024', '4', '4', 1, '2023-06-22'),
(63, 'FKS000059', 1, 'Drs. Dian Hastuti', '+62 (936) 256 2230', '2002-12-23', 'Indonesia', 'Ortu Drs.', 'laki-laki', 'halimyance@gmail.com', 'Tasikmalaya', '8387508030629375', '+62 (0249) 164-2133', 'Jawa Barat', 'MA', 'IPA', 'Jl. Gg. Gegerkalong Hilir No. 179', 'MAN 3 Jakarta', '2024', '4', '5', 1, '2023-06-22'),
(64, 'FKS000060', 1, 'Jayadi Safitri', '+62-0103-282-9252', '2004-05-07', 'Indonesia', 'Ortu Jayadi', 'laki-laki', 'habibiputu@pd.desa.id', 'Tasikmalaya', '9181825246560016', '(055) 830-2742', 'Jawa Barat', 'SMA', 'Teknik', 'Jl. Jl. Sadang Serang No. 26', 'SMAN 2 Cirebon', '2023', '2', '4', 1, '2023-06-22'),
(65, 'FKS000061', 1, 'Belinda Winarno', '+62-180-426-3622', '2007-11-27', 'Indonesia', 'Ortu Belinda', 'laki-laki', 'waluyo59@yahoo.com', 'Tasikmalaya', '3620114360754972', '+62 (0766) 994-9728', 'Jawa Barat', 'SMA', 'IPA', 'Jl. Jalan Merdeka No. 93', 'SMAN 2 Cirebon', '2024', '3', '1', 1, '2023-06-22'),
(66, 'FKS000062', 1, 'Harjasa Kuswandari', '+62 (056) 099-0321', '2008-01-26', 'Indonesia', 'Ortu Harjasa', 'laki-laki', 'wibowocagak@pd.net.id', 'Tasikmalaya', '2006987508725461', '(0707) 999 8640', 'Jawa Barat', 'SMA', 'IPS', 'Jl. Gg. Waringin No. 150', 'SMAN 1 Bandung', '2021', '4', '6', 1, '2023-06-22'),
(67, 'FKS000063', 1, 'Danuja Sudiati', '+62 (65) 854 9101', '2008-05-19', 'Indonesia', 'Ortu Danuja', 'laki-laki', 'dartono23@pd.web.id', 'Tasikmalaya', '7750360926553741', '+62 (88) 266-5149', 'Jawa Barat', 'SMA', 'Akuntansi', 'Jl. Jalan Rajawali Barat No. 45', 'SMK PGRI 1 Ciamis', '2023', '5', '3', 1, '2023-06-22'),
(68, 'FKS000064', 1, 'Kayla Nasyidah', '+62 (873) 396 9397', '2007-04-04', 'Indonesia', 'Ortu Kayla', 'laki-laki', 'martaka10@ud.org', 'Tasikmalaya', '3270219195490548', '+62 (0527) 385 8208', 'Jawa Barat', 'SMA', 'Bahasa', 'Jl. Gang Kutai No. 122', 'MAN 3 Jakarta', '2022', '4', '6', 1, '2023-06-22'),
(69, 'FKS000065', 1, 'Rendy Rajata, S.Ked', '(012) 716-5478', '2006-02-09', 'Indonesia', 'Ortu Rendy', 'laki-laki', 'eva32@pd.int', 'Tasikmalaya', '1850792541055912', '+62-214-900-9064', 'Jawa Barat', 'MA', 'Bahasa', 'Jl. Jl. R.E Martadinata No. 10', 'SMAN 2 Cirebon', '2023', '2', '1', 1, '2023-06-22'),
(70, 'FKS000066', 1, 'Jati Padmasari', '+62 (83) 275 6083', '2008-01-24', 'Indonesia', 'Ortu Jati', 'laki-laki', 'rajasanilam@perum.web.id', 'Tasikmalaya', '2481624259611749', '+62-46-291-4555', 'Jawa Barat', 'SMA', 'Bahasa', 'Jl. Gang Pasir Koja No. 85', 'SMKN 2 Tasikmalaya', '2021', '2', '6', 1, '2023-06-22'),
(71, 'FKS000067', 1, 'Drs. Dian Tampubolon, S.H.', '+62 (13) 891 2521', '2003-03-28', 'Indonesia', 'Ortu Drs.', 'laki-laki', 'galuhmelani@hotmail.com', 'Tasikmalaya', '8698871761453247', '+62-486-776-2987', 'Jawa Barat', 'MA', 'Bahasa', 'Jl. Gg. S. Parman No. 42', 'SMAN 2 Cirebon', '2022', '6', '1', 1, '2023-06-22'),
(72, 'FKS000068', 1, 'Galih Sihombing, S.Pt', '(0601) 452-7448', '2007-09-11', 'Indonesia', 'Ortu Galih', 'laki-laki', 'ssuwarno@cv.net.id', 'Tasikmalaya', '5932472751341606', '(0945) 058 2096', 'Jawa Barat', 'MA', 'Teknik', 'Jl. Jalan Yos Sudarso No. 147', 'SMKN 2 Tasikmalaya', '2024', '3', '2', 1, '2023-06-22'),
(73, 'FKS000069', 1, 'Padmi Situmorang', '+62 (098) 968 5245', '2006-03-09', 'Indonesia', 'Ortu Padmi', 'laki-laki', 'hutapearahman@hotmail.com', 'Tasikmalaya', '3625071911563075', '+62-073-317-0664', 'Jawa Barat', 'SMA', 'Bahasa', 'Jl. Gg. Pasir Koja No. 33', 'SMK PGRI 1 Ciamis', '2022', '3', '4', 1, '2023-06-22'),
(74, 'FKS000070', 1, 'Drajat Napitupulu', '(0979) 594 2375', '2008-05-13', 'Indonesia', 'Ortu Drajat', 'laki-laki', 'nainggolantiara@gmail.com', 'Tasikmalaya', '7963241967112822', '0879956221', 'Jawa Barat', 'MA', 'IPS', 'Jl. Jalan Cihampelas No. 91', 'SMAN 1 Bandung', '2024', '2', '3', 1, '2023-06-22'),
(75, 'FKS000071', 1, 'Hj. Cindy Yulianti, M.Ak', '+62-24-901-3011', '2003-04-13', 'Indonesia', 'Ortu Hj.', 'laki-laki', 'hsaefullah@hotmail.com', 'Tasikmalaya', '5037285211082089', '+62 (80) 193-6135', 'Jawa Barat', 'MA', 'IPS', 'Jl. Jalan Erlangga No. 66', 'MAN 3 Jakarta', '2022', '4', '4', 1, '2023-06-22'),
(76, 'FKS000072', 1, 'Bahuwarna Prakasa', '(082) 559-0755', '2006-11-30', 'Indonesia', 'Ortu Bahuwarna', 'laki-laki', 'buyainah@pt.ponpes.id', 'Tasikmalaya', '8530078384595701', '+62 (085) 233 1872', 'Jawa Barat', 'MA', 'IPA', 'Jl. Gg. Ciwastra No. 20', 'SMK PGRI 1 Ciamis', '2022', '3', '1', 1, '2023-06-22'),
(77, 'FKS000073', 1, 'Rahmi Simbolon', '+62-276-347-2607', '2006-10-15', 'Indonesia', 'Ortu Rahmi', 'laki-laki', 'sakapertiwi@yahoo.com', 'Tasikmalaya', '6748840925968698', '+62-0545-875-4604', 'Jawa Barat', 'SMA', 'IPA', 'Jl. Jalan Antapani Lama No. 112', 'MAN 3 Jakarta', '2022', '3', '1', 1, '2023-06-22'),
(78, 'FKS000074', 1, 'Sutan Naradi Pertiwi, S.E.', '+62 (676) 428-1268', '2002-10-18', 'Indonesia', 'Ortu Sutan', 'laki-laki', 'fyuliarti@hotmail.com', 'Tasikmalaya', '2760437057651435', '+62 (0284) 829 6877', 'Jawa Barat', 'SMA', 'IPA', 'Jl. Jl. Medokan Ayu No. 115', 'SMAN 2 Cirebon', '2023', '5', '6', 1, '2023-06-22'),
(79, 'FKS000075', 1, 'Margana Rajasa', '+62-32-176-3170', '2005-12-05', 'Indonesia', 'Ortu Margana', 'laki-laki', 'xpratama@cv.biz.id', 'Tasikmalaya', '8480564231826745', '(0119) 569-0696', 'Jawa Barat', 'MA', 'Bahasa', 'Jl. Gang M.T Haryono No. 144', 'MAN 3 Jakarta', '2021', '4', '4', 1, '2023-06-22'),
(80, 'FKS000076', 1, 'Jagapati Susanti', '+62 (820) 845-4439', '2005-12-28', 'Indonesia', 'Ortu Jagapati', 'laki-laki', 'novadabukke@cv.mil.id', 'Tasikmalaya', '3693080233631761', '+62 (13) 097 8530', 'Jawa Barat', 'SMK', 'IPS', 'Jl. Jl. Cihampelas No. 66', 'SMKN 2 Tasikmalaya', '2021', '6', '1', 1, '2023-06-22'),
(81, 'FKS000077', 1, 'Sutan Darmaji Hutapea', '+62 (001) 797-8927', '2007-02-12', 'Indonesia', 'Ortu Sutan', 'laki-laki', 'kartikamansur@hotmail.com', 'Tasikmalaya', '3490852105658407', '+62-33-140-8049', 'Jawa Barat', 'SMK', 'IPS', 'Jl. Jl. Veteran No. 129', 'SMAN 2 Cirebon', '2024', '2', '6', 1, '2023-06-22'),
(82, 'FKS000078', 1, 'Ida Suryatmi', '+62 (037) 695 4507', '2006-11-06', 'Indonesia', 'Ortu Ida', 'laki-laki', 'anggrainidipa@pt.gov', 'Tasikmalaya', '8765815204984471', '(0669) 973-3917', 'Jawa Barat', 'SMA', 'IPA', 'Jl. Jl. Lembong No. 185', 'SMAN 1 Bandung', '2024', '6', '4', 1, '2024-06-22'),
(83, 'FKS000079', 1, 'Ami Gunawan', '+62 (0783) 244-3256', '2003-06-24', 'Indonesia', 'Ortu Ami', 'laki-laki', 'maimunah77@cv.mil.id', 'Tasikmalaya', '8621245968753470', '+62-02-929-2669', 'Jawa Barat', 'SMK', 'Teknik', 'Jl. Jalan Raya Ujungberung No. 154', 'SMAN 2 Cirebon', '2021', '5', '5', 1, '2024-06-22'),
(84, 'FKS000080', 1, 'Puji Suryatmi', '+62 (547) 826 1399', '2006-10-21', 'Indonesia', 'Ortu Puji', 'laki-laki', 'oni78@yahoo.com', 'Tasikmalaya', '2042602650320045', '+62 (631) 537-1702', 'Jawa Barat', 'SMK', 'IPA', 'Jl. Gang Ahmad Dahlan No. 97', 'SMAN 2 Cirebon', '2021', '6', '6', 1, '2024-06-22'),
(85, 'FKS000081', 1, 'Jaka Padmasari', '+62 (861) 718-1470', '2007-04-11', 'Indonesia', 'Ortu Jaka', 'laki-laki', 'rajataclara@gmail.com', 'Tasikmalaya', '9612721977282460', '+62-95-691-5751', 'Jawa Barat', 'SMK', 'Teknik', 'Jl. Jalan Ciumbuleuit No. 46', 'SMAN 1 Bandung', '2021', '5', '2', 1, '2024-06-22'),
(86, 'FKS000082', 1, 'Gamanto Hastuti', '+62-14-167-7972', '2005-05-19', 'Indonesia', 'Ortu Gamanto', 'laki-laki', 'hana11@pd.sch.id', 'Tasikmalaya', '6552467153810689', '+62 (052) 419 4992', 'Jawa Barat', 'SMA', 'Teknik', 'Jl. Jl. Kutisari Selatan No. 186', 'SMAN 2 Cirebon', '2021', '2', '1', 1, '2024-06-22'),
(87, 'FKS000083', 1, 'Cagak Zulkarnain', '0812547076', '2003-07-19', 'Indonesia', 'Ortu Cagak', 'laki-laki', 'mulyantomahendra@pt.sch.id', 'Tasikmalaya', '8143953963804377', '+62-027-746-1911', 'Jawa Barat', 'MA', 'IPS', 'Jl. Jl. Ir. H. Djuanda No. 29', 'MAN 3 Jakarta', '2024', '5', '3', 1, '2024-06-22'),
(88, 'FKS000084', 1, 'Yuliana Nurdiyanti', '+62-0293-233-2973', '2003-02-20', 'Indonesia', 'Ortu Yuliana', 'laki-laki', 'zulfaiswahyudi@gmail.com', 'Tasikmalaya', '3921177338994543', '+62-070-512-3710', 'Jawa Barat', 'MA', 'Bahasa', 'Jl. Gang Cikutra Barat No. 91', 'SMAN 2 Cirebon', '2021', '5', '2', 1, '2024-06-22'),
(89, 'FKS000085', 1, 'R.A. Janet Rahmawati', '0835933833', '2008-06-07', 'Indonesia', 'Ortu R.A.', 'laki-laki', 'gsiregar@yahoo.com', 'Tasikmalaya', '3366696589725898', '+62 (0846) 339 0043', 'Jawa Barat', 'MA', 'Bahasa', 'Jl. Gang KH Amin Jasuta No. 85', 'SMAN 1 Bandung', '2023', '4', '4', 1, '2024-06-22'),
(90, 'FKS000086', 1, 'Balijan Napitupulu', '+62 (984) 838-3713', '2008-02-18', 'Indonesia', 'Ortu Balijan', 'laki-laki', 'lalita34@hotmail.com', 'Tasikmalaya', '1577756447330122', '+62-0462-683-0500', 'Jawa Barat', 'SMK', 'Akuntansi', 'Jl. Jl. Ciwastra No. 24', 'SMAN 2 Cirebon', '2023', '3', '6', 1, '2024-06-22'),
(91, 'FKS000087', 1, 'R. Uchita Prayoga, S.Farm', '+62-780-070-4147', '2004-09-21', 'Indonesia', 'Ortu R.', 'laki-laki', 'mulyaniakarsana@gmail.com', 'Tasikmalaya', '3914449558289372', '0819462963', 'Jawa Barat', 'SMK', 'Bahasa', 'Jl. Gg. Cikutra Barat No. 134', 'MAN 3 Jakarta', '2021', '1', '6', 1, '2024-06-22'),
(92, 'FKS000088', 1, 'Hj. Uchita Pangestu', '+62-16-254-3355', '2006-04-01', 'Indonesia', 'Ortu Hj.', 'laki-laki', 'cager79@hotmail.com', 'Tasikmalaya', '1250092521152956', '+62 (85) 085-6330', 'Jawa Barat', 'SMK', 'IPA', 'Jl. Gg. Ahmad Dahlan No. 48', 'SMAN 1 Bandung', '2024', '3', '6', 1, '2024-06-22'),
(93, 'FKS000089', 1, 'Kardi Thamrin', '+62 (0999) 697-6276', '2005-09-27', 'Indonesia', 'Ortu Kardi', 'laki-laki', 'whastuti@yahoo.com', 'Tasikmalaya', '1419961969680913', '+62 (555) 717-3843', 'Jawa Barat', 'SMA', 'Akuntansi', 'Jl. Gang Ir. H. Djuanda No. 102', 'SMAN 1 Bandung', '2022', '3', '5', 1, '2024-06-22'),
(94, 'FKS000090', 1, 'Cut Faizah Mustofa', '+62 (0214) 717 9764', '2002-09-14', 'Indonesia', 'Ortu Cut', 'laki-laki', 'luthfi35@yahoo.com', 'Tasikmalaya', '6388377506369685', '(058) 890-1225', 'Jawa Barat', 'SMA', 'Bahasa', 'Jl. Gg. Stasiun Wonokromo No. 135', 'SMK PGRI 1 Ciamis', '2023', '5', '1', 1, '2024-06-22'),
(95, 'FKS000091', 1, 'Puti Carla Winarno, S.IP', '+62 (073) 814-3041', '2007-08-01', 'Indonesia', 'Ortu Puti', 'laki-laki', 'erik59@hotmail.com', 'Tasikmalaya', '9852568813447830', '+62 (96) 920 6485', 'Jawa Barat', 'MA', 'IPS', 'Jl. Gg. Cikapayang No. 38', 'MAN 3 Jakarta', '2024', '4', '1', 1, '2024-06-22'),
(96, 'FKS000092', 1, 'Kayla Simbolon', '+62 (0933) 796 1398', '2008-02-02', 'Indonesia', 'Ortu Kayla', 'laki-laki', 'wasitaikhsan@yahoo.com', 'Tasikmalaya', '6464119358487806', '084 939 6160', 'Jawa Barat', 'MA', 'Akuntansi', 'Jl. Gang Rungkut Industri No. 119', 'SMAN 2 Cirebon', '2021', '3', '3', 1, '2024-06-22'),
(97, 'FKS000093', 1, 'Uchita Andriani', '(045) 996-0512', '2004-08-19', 'Indonesia', 'Ortu Uchita', 'laki-laki', 'putrajatmiko@pd.sch.id', 'Tasikmalaya', '8538229151558385', '(0335) 519-7926', 'Jawa Barat', 'MA', 'Bahasa', 'Jl. Gg. KH Amin Jasuta No. 115', 'SMAN 1 Bandung', '2024', '5', '3', 1, '2024-06-22'),
(98, 'FKS000094', 1, 'Raina Hutasoit', '+62-0119-874-6918', '2008-05-07', 'Indonesia', 'Ortu Raina', 'laki-laki', 'chalimah@ud.ponpes.id', 'Tasikmalaya', '7559227946507210', '+62-018-942-2406', 'Jawa Barat', 'SMA', 'IPS', 'Jl. Jalan Tebet Barat Dalam No. 122', 'SMAN 2 Cirebon', '2022', '4', '5', 1, '2024-06-22'),
(99, 'FKS000095', 1, 'Drajat Nababan, S.Pd', '+62-0039-215-1442', '2008-03-13', 'Indonesia', 'Ortu Drajat', 'laki-laki', 'esihotang@ud.sch.id', 'Tasikmalaya', '6826841304934604', '+62 (89) 739 5378', 'Jawa Barat', 'MA', 'Akuntansi', 'Jl. Jalan Sadang Serang No. 187', 'SMKN 2 Tasikmalaya', '2023', '6', '2', 1, '2024-06-22'),
(100, 'FKS000096', 1, 'Pia Padmasari, S.Pd', '+62 (18) 140 2320', '2007-01-30', 'Indonesia', 'Ortu Pia', 'laki-laki', 'jsimanjuntak@perum.or.id', 'Tasikmalaya', '6413657644678285', '+62-0355-859-0247', 'Jawa Barat', 'MA', 'Teknik', 'Jl. Gg. Tubagus Ismail No. 137', 'SMK PGRI 1 Ciamis', '2021', '5', '5', 1, '2024-06-22'),
(101, 'FKS000097', 1, 'Gina Kuswandari, M.Pd', '+62 (003) 228 9861', '2003-04-24', 'Indonesia', 'Ortu Gina', 'laki-laki', 'rpalastri@pd.mil.id', 'Tasikmalaya', '9910341540563148', '(072) 612 9369', 'Jawa Barat', 'SMK', 'IPS', 'Jl. Gang Pasteur No. 175', 'SMAN 1 Bandung', '2022', '5', '1', 1, '2024-06-22'),
(102, 'FKS000098', 1, 'Puti Amelia Marpaung, S.Pd', '+62 (018) 494 3775', '2006-11-17', 'Indonesia', 'Ortu Puti', 'laki-laki', 'chelsea09@yahoo.com', 'Tasikmalaya', '7115100868240610', '(074) 313-4058', 'Jawa Barat', 'MA', 'Bahasa', 'Jl. Gg. Peta No. 124', 'SMAN 1 Bandung', '2022', '5', '4', 1, '2024-06-22'),
(103, 'FKS000099', 1, 'Adika Simanjuntak', '083 735 0594', '2006-01-20', 'Indonesia', 'Ortu Adika', 'laki-laki', 'laksmiwatimursita@pd.biz.id', 'Tasikmalaya', '4969005942908788', '+62-0306-475-4908', 'Jawa Barat', 'SMA', 'IPS', 'Jl. Jl. Abdul Muis No. 14', 'SMAN 2 Cirebon', '2023', '6', '1', 1, '2024-06-22'),
(104, 'FKS000100', 1, 'Wakiman Nashiruddin', '+62 (023) 019 6953', '2006-12-02', 'Indonesia', 'Ortu Wakiman', 'laki-laki', 'susantimarwata@pd.my.id', 'Tasikmalaya', '4998095620958290', '+62 (898) 399-9564', 'Jawa Barat', 'SMA', 'Bahasa', 'Jl. Jalan Jayawijaya No. 52', 'SMKN 2 Tasikmalaya', '2024', '6', '2', 1, '2024-06-22'),
(105, 'FKS000101', 1, 'Ardiansyah Nugroho', '084768891079', '2005-01-01', 'Indonesia', 'Ortu Ardiansyah', 'perempuan', 'ardiansyah.nugroho@example.com', 'Tasikmalaya', '8962110461442150', '086200171131', 'Jawa Barat', 'SMA', 'IPA', 'Jl. Contoh No. 123', 'SMAN 1 Tasikmalaya', '2024', '1', '5', 1, '2024-06-22'),
(106, 'FKS000102', 1, 'Bella Salsabila', '089094756708', '2005-01-01', 'Indonesia', 'Ortu Bella', 'laki-laki', 'bella.salsabila@example.com', 'Tasikmalaya', '6947271469474135', '083784605231', 'Jawa Barat', 'SMA', 'IPA', 'Jl. Contoh No. 123', 'SMAN 1 Tasikmalaya', '2024', '6', '3', 1, '2025-02-22'),
(107, 'FKS000103', 1, 'Chairul Anwar', '088941162790', '2005-01-01', 'Indonesia', 'Ortu Chairul', 'perempuan', 'chairul.anwar@example.com', 'Tasikmalaya', '7211633076062606', '088664936483', 'Jawa Barat', 'SMA', 'IPA', 'Jl. Contoh No. 123', 'SMAN 1 Tasikmalaya', '2024', '5', '2', 1, '2025-01-22'),
(108, 'FKS000104', 1, 'Dewi Kurniasari', '086297849850', '2005-01-01', 'Indonesia', 'Ortu Dewi', 'laki-laki', 'dewi.kurniasari@example.com', 'Tasikmalaya', '5505410167382191', '088671356511', 'Jawa Barat', 'SMA', 'IPA', 'Jl. Contoh No. 123', 'SMAN 1 Tasikmalaya', '2024', '3', '6', 1, '2025-02-22'),
(109, 'FKS000105', 1, 'Erwin Prakoso', '081458276755', '2005-01-01', 'Indonesia', 'Ortu Erwin', 'perempuan', 'erwin.prakoso@example.com', 'Tasikmalaya', '3691720157963844', '085631658404', 'Jawa Barat', 'SMA', 'IPA', 'Jl. Contoh No. 123', 'SMAN 1 Tasikmalaya', '2024', '1', '6', 1, '2025-02-22'),
(110, 'FKS000106', 1, 'Farah Anindya', '084136944787', '2005-01-01', 'Indonesia', 'Ortu Farah', 'laki-laki', 'farah.anindya@example.com', 'Tasikmalaya', '3857872907594312', '083394171065', 'Jawa Barat', 'SMA', 'IPA', 'Jl. Contoh No. 123', 'SMAN 1 Tasikmalaya', '2024', '2', '6', 1, '2025-01-22'),
(111, 'FKS000107', 1, 'Galang Mahesa', '087173643370', '2005-01-01', 'Indonesia', 'Ortu Galang', 'perempuan', 'galang.mahesa@example.com', 'Tasikmalaya', '8220506277069342', '085764428097', 'Jawa Barat', 'SMA', 'IPA', 'Jl. Contoh No. 123', 'SMAN 1 Tasikmalaya', '2024', '4', '3', 1, '2025-02-22'),
(112, 'FKS000108', 1, 'Hana Safitri', '084918037802', '2005-01-01', 'Indonesia', 'Ortu Hana', 'laki-laki', 'hana.safitri@example.com', 'Tasikmalaya', '1231864068917602', '085668654851', 'Jawa Barat', 'SMA', 'IPA', 'Jl. Contoh No. 123', 'SMAN 1 Tasikmalaya', '2024', '1', '5', 1, '2025-03-22'),
(113, 'FKS000109', 1, 'Ivan Wirawan', '081518843879', '2005-01-01', 'Indonesia', 'Ortu Ivan', 'perempuan', 'ivan.wirawan@example.com', 'Tasikmalaya', '6567261348346089', '089340500643', 'Jawa Barat', 'SMA', 'IPA', 'Jl. Contoh No. 123', 'SMAN 1 Tasikmalaya', '2024', '6', '3', 1, '2025-03-22');

-- --------------------------------------------------------

--
-- Struktur dari tabel `prodi`
--

CREATE TABLE `prodi` (
  `id_prodi` bigint(20) NOT NULL,
  `jenjang` char(4) NOT NULL,
  `nama_prodi` varchar(100) NOT NULL
) ENGINE=InnoDB DEFAULT CHARSET=utf8mb4 COLLATE=utf8mb4_general_ci;

--
-- Dumping data untuk tabel `prodi`
--

INSERT INTO `prodi` (`id_prodi`, `jenjang`, `nama_prodi`) VALUES
(1, 'S1', 'Ilmu Keperawatan'),
(2, 'D3', 'keperawatan'),
(3, 'S1', 'Kebidanan'),
(4, 'D3', 'Kebidanan'),
(5, 'Prof', 'Profesi Ners'),
(6, 'Prof', 'Pendidikan Profesi Kebinanan');

-- --------------------------------------------------------

--
-- Struktur dari tabel `prodi_seleksi`
--

CREATE TABLE `prodi_seleksi` (
  `id` int(11) NOT NULL,
  `id_prodi` bigint(20) NOT NULL,
  `id_seleksi` int(11) NOT NULL,
  `mulai` date NOT NULL DEFAULT current_timestamp(),
  `selesai` date NOT NULL DEFAULT current_timestamp(),
  `harga` int(11) NOT NULL DEFAULT 0
) ENGINE=InnoDB DEFAULT CHARSET=utf8mb4 COLLATE=utf8mb4_general_ci;

--
-- Dumping data untuk tabel `prodi_seleksi`
--

INSERT INTO `prodi_seleksi` (`id`, `id_prodi`, `id_seleksi`, `mulai`, `selesai`, `harga`) VALUES
(1, 1, 1, '2025-05-05', '2025-05-05', 300000),
(2, 4, 4, '2025-05-05', '2025-05-31', 400000),
(4, 2, 2, '2025-12-30', '2025-05-31', 300000),
(6, 1, 2, '2025-06-03', '2026-06-03', 150000),
(7, 1, 4, '2025-06-03', '2026-06-03', 150000),
(8, 2, 1, '2025-06-03', '2026-06-03', 150000),
(9, 4, 1, '2025-06-03', '2026-06-03', 150000),
(10, 3, 1, '2025-06-03', '2025-06-03', 150000),
(11, 3, 5, '2025-06-03', '2026-06-03', 150000),
(12, 5, 1, '2025-06-03', '2026-06-03', 150000),
(13, 6, 1, '2025-06-03', '2026-06-03', 150000);

-- --------------------------------------------------------

--
-- Struktur dari tabel `seleksi`
--

CREATE TABLE `seleksi` (
  `id_seleksi` int(11) NOT NULL,
  `nama_seleksi` varchar(255) NOT NULL
) ENGINE=InnoDB DEFAULT CHARSET=utf8mb4 COLLATE=utf8mb4_general_ci;

--
-- Dumping data untuk tabel `seleksi`
--

INSERT INTO `seleksi` (`id_seleksi`, `nama_seleksi`) VALUES
(1, 'Tes Mandiri Seleksi'),
(2, 'Beasiswa Seleksi'),
(4, 'Non Tes PMDK'),
(5, 'Tes Mandiri');

-- --------------------------------------------------------

--
-- Struktur dari tabel `users`
--

CREATE TABLE `users` (
  `id` char(9) NOT NULL,
  `user_id` char(9) DEFAULT NULL,
  `name` varchar(255) NOT NULL,
  `email` varchar(255) NOT NULL,
  `password` varchar(255) NOT NULL,
  `role` enum('admin','users','petugas') NOT NULL DEFAULT 'users',
  `id_prodi` bigint(20) DEFAULT NULL,
  `id_angkatan` int(20) DEFAULT NULL,
  `created_at` timestamp NULL DEFAULT NULL,
  `updated_at` timestamp NULL DEFAULT NULL
) ENGINE=InnoDB DEFAULT CHARSET=utf8mb4 COLLATE=utf8mb4_unicode_ci;

--
-- Dumping data untuk tabel `users`
--

INSERT INTO `users` (`id`, `user_id`, `name`, `email`, `password`, `role`, `id_prodi`, `id_angkatan`, `created_at`, `updated_at`) VALUES
('FKS000001', NULL, 'admin', 'admin@gmail.com', '$2b$10$00p04Vf1m0YIjvHLLxfAdezoOai0WqGbrUna7pCHcKRGx91e2.HOa', 'admin', NULL, NULL, '2025-04-14 08:01:24', '2025-04-14 08:24:33'),
('FKS000005', 'K250301', 'popura', 'popura@gmail.com', '$2b$10$sNSDPDx3RLanmmx0bVFhYuZBYp1op0znhMxXoDL21tWmL4DQecqu.', 'users', 3, 4, '2025-04-29 19:49:44', '2025-04-29 19:49:44'),
('FKS000010', 'K250601', 'acep', 'acep@gmail.com', '$2b$10$mWaST7471mbMfxS5SpxC5OzwtiXT84BRx.EpU4razx16nFuYM2rQ2', 'users', 6, 4, '2025-05-21 04:36:58', '2025-05-21 04:36:58'),
('FKS000011', 'K220101', 'Dinda Budi Ultimate', 'dinda@gmail.com', '$2b$10$PIzw/RzXP.GPPu79nBReheYhEBqG/qlvyVsZWMW/ecWuoIJFs6kri', 'users', 1, 1, '2025-05-07 05:00:06', '2025-05-07 05:00:06'),
('FKS000012', NULL, 'Arif Maulana', 'arif@gmail.com', '$2b$10$rm72pZGjiuUkN2v4fsm3rue1k7mPTU8tJNANFxf3geOkfiVdB76oi', 'admin', NULL, NULL, '2025-05-07 05:12:25', '2025-05-07 05:12:25'),
('FKS000013', 'K240401', 'husni Firdaus', 'husni@gmail.com', '$2b$10$P4RDjf2Uqs1A3/JcY73SuuhiFOsdbp2Tu4zOSGBkdM2k913Qhg4KW', 'users', 4, 3, '2025-05-21 05:03:40', '2025-05-21 05:03:40'),
('FKS000014', 'K250101', 'Septian wielino', 'wielino@gmail.com', '$2b$10$BTF03ClGEXOJUlnc7cORMO6UevdY3cSsrtXsm5OEGBC4qKxya3aT6', 'users', 1, 4, '2025-06-17 08:08:21', '2025-06-17 08:08:21'),
('FKS000015', 'K250602', 'Koko Ro', 'koko@gmail.com', '$2b$10$e7SSlYigTrBNWaqxGE5S1ur.oiBwVydFCCEAVtbLBPYpt2zs189Za', 'users', 6, 4, '2025-06-17 09:24:05', '2025-06-17 09:24:05'),
('FKS000016', 'K220201', 'burhan', 'burhan@gmail.com', '$2b$10$Kq1pgDDSwR5Q/ETUJhuve.IUbelgP2BzeXE/ZKtGBTeR8ju2doRC6', 'users', 2, 1, '2025-06-17 11:05:03', '2025-06-17 11:05:03'),
('FKS000017', NULL, 'Andi Saputra', 'andi.saputra@example.com', '$2b$10$R6yiu.JChR5sAGeowFqTIuFEzCqe1ExmZPZbT56aTq6HoofLM0paK', 'users', NULL, NULL, '2025-06-18 02:10:04', '2025-06-18 02:10:04'),
('FKS000018', NULL, 'Budi Santoso', 'budi.santoso@example.com', '$2b$10$AH.sdXXPWiu0Sr9cn8vGzOZyXXfuC9QB0mJpFtL3a707fXJ2dn9IO', 'users', NULL, NULL, '2025-06-18 02:10:04', '2025-06-18 02:10:04'),
('FKS000019', NULL, 'Citra Lestari', 'citra.lestari@example.com', '$2b$10$qPFGdxm.pPEi5IuKqO1/EeCG/dShiQHYsQ3iJXGga.7dG1qCqDDD2', 'users', NULL, NULL, '2025-06-18 02:10:04', '2025-06-18 02:10:04'),
('FKS000020', NULL, 'Dian Pratama', 'dian.pratama@example.com', '$2b$10$Hn0Yb7ipAxqoZ9IsF6HWUeEmU8wMpmtq5fbf.kcu6qXrtDGVsOEQi', 'users', NULL, NULL, '2025-06-18 02:10:04', '2025-06-18 02:10:04'),
('FKS000021', NULL, 'Eka Wulandari', 'eka.wulandari@example.com', '$2b$10$MpDj8wpnWeWm9hu6cCTFge0B2K5S1THwY67SfdYQlplODZgmoN8K6', 'users', NULL, NULL, '2025-06-18 02:10:04', '2025-06-18 02:10:04'),
('FKS000022', NULL, 'Fajar Hidayat', 'fajar.hidayat@example.com', '$2b$10$vC0akoIkwViSZhvG65bJWOYDw7.yNdehsNG64.44ieA58DMpn3zBu', 'users', NULL, NULL, '2025-06-18 02:10:04', '2025-06-18 02:10:04'),
('FKS000023', NULL, 'Gita Ramadhani', 'gita.ramadhani@example.com', '$2b$10$b1/ZxfuYkl/P1M.5UKWjB.kCbApTgUND6YvgTLS7XhpCWZrPADaba', 'users', NULL, NULL, '2025-06-18 02:10:04', '2025-06-18 02:10:04'),
('FKS000024', NULL, 'Hendra Wijaya', 'hendra.wijaya@example.com', '$2b$10$Lge8miR.KbjrZNmYkqY9p.U5rea/bFIy.vX1LewMV0R1IWwThXNNm', 'users', NULL, NULL, '2025-06-18 02:10:04', '2025-06-18 02:10:04'),
('FKS000025', NULL, 'Intan Permatasari', 'intan.permatasari@example.com', '$2b$10$yRzKQrC.XwJ32Od2zU7GzeWDhV4v.6PIzrLWQCPRWOxjigBhx5GI.', 'users', NULL, NULL, '2025-06-18 02:10:04', '2025-06-18 02:10:04'),
('FKS000026', NULL, 'Joko Siregar', 'joko.siregar@example.com', '$2b$10$moBJTPr/dATdUnBUpcHW7ugd/rQDZa3Hell4Oy5hJg0hNptw/TjYq', 'users', NULL, NULL, '2025-06-18 02:10:04', '2025-06-18 02:10:04'),
('FKS000027', NULL, 'Kartika Dewi', 'kartika.dewi@example.com', '$2b$10$D0pVctTfqRrA70WbAdVS/.r1Bzoq/psloHMwW1T4U28imlB6h8moe', 'users', NULL, NULL, '2025-06-18 02:10:04', '2025-06-18 02:10:04'),
('FKS000028', NULL, 'Lukman Hakim', 'lukman.hakim@example.com', '$2b$10$RGJBPcwcTCXIYU3/8RRw2OIy5uWQrl54TwulaPITiqywmH1zMUBV.', 'users', NULL, NULL, '2025-06-18 02:10:04', '2025-06-18 02:10:04'),
('FKS000029', NULL, 'Maya Sari', 'maya.sari@example.com', '$2b$10$1oeMkUJBPa39sbWv.3twtui9WZ83mFYRToNwhBFDCn1fKJicZ77gi', 'users', NULL, NULL, '2025-06-18 02:10:04', '2025-06-18 02:10:04'),
('FKS000030', NULL, 'Nugroho Aditya', 'nugroho.aditya@example.com', '$2b$10$X1FxDx8d3wrneyICNWqIPe/USsmXfRPa6eaRPvczULhdZ2PSlh3Wi', 'users', NULL, NULL, '2025-06-18 02:10:04', '2025-06-18 02:10:04'),
('FKS000031', NULL, 'Oktavia Puspita', 'oktavia.puspita@example.com', '$2b$10$Nk5wCr7Nkxfprt7ooi13kO965Fby57Ag26teNr6PIaJdw0hWNno0e', 'users', NULL, NULL, '2025-06-18 02:10:04', '2025-06-18 02:10:04'),
('FKS000032', NULL, 'Putra Mahardika', 'putra.mahardika@example.com', '$2b$10$TG.ZGXTf5cEeh1SeppthF.VGKkocB9nWgrky97Ow1zb7/6NMpAqkq', 'users', NULL, NULL, '2025-06-18 02:10:04', '2025-06-18 02:10:04'),
('FKS000033', NULL, 'Qori Azzahra', 'qori.azzahra@example.com', '$2b$10$nIVaaKmVxvdcxPKS.afgHumC6qkGn.98GIcDUoQoL0rf86wFOYLee', 'users', NULL, NULL, '2025-06-18 02:10:04', '2025-06-18 02:10:04'),
('FKS000034', NULL, 'Rizky Amelia', 'rizky.amelia@example.com', '$2b$10$.Jwn8MGnpkb0Jqk5elGS9e9Osz/RKfwuQd0s2MVtj416Hpz2c.Bx.', 'users', NULL, NULL, '2025-06-18 02:10:04', '2025-06-18 02:10:04'),
('FKS000035', NULL, 'Satria Prabowo', 'satria.prabowo@example.com', '$2b$10$0I3PCd3Pk6VkhNCgwcCvk.Val7wHnn8E5s8PLNL9G2rrUwrY.1ep6', 'users', NULL, NULL, '2025-06-18 02:10:04', '2025-06-18 02:10:04'),
('FKS000036', NULL, 'Tari Handayani', 'tari.handayani@example.com', '$2b$10$bz5vVKCFqrbLCcWLy84.7O0foyELSjVHcBOax4wbPmH2BqF5HVZEC', 'users', NULL, NULL, '2025-06-18 02:10:04', '2025-06-18 02:10:04'),
('FKS000037', NULL, 'Umar Said', 'umar.said@example.com', '$2b$10$fe/mhq.F5aJXrbwdVVrZVuQSUtm2LcXVCdwyxlqHYATQYFNfsDNgy', 'users', NULL, NULL, '2025-06-18 02:10:04', '2025-06-18 02:10:04'),
('FKS000038', NULL, 'Vina Yuliana', 'vina.yuliana@example.com', '$2b$10$P3D6zoAJYoWJmFv/GCB5DOEF3xBtLciIKjFIRJs0t9UOT.gvMvHJ.', 'users', NULL, NULL, '2025-06-18 02:10:04', '2025-06-18 02:10:04'),
('FKS000039', NULL, 'Wawan Hermawan', 'wawan.hermawan@example.com', '$2b$10$pm6r3mVSdEvWZJL59v3Scuncur2vtEDEFt5kxIzmM1I6xRhEbm8f2', 'users', NULL, NULL, '2025-06-18 02:10:04', '2025-06-18 02:10:04'),
('FKS000040', NULL, 'Capa Astuti', 'lnababan@perum.mil', '$2b$10$cQ2hB39pEo/oHJ5OezOatukLt5suYC4LnW03S4PPQBTzLNObTvP.i', 'users', NULL, NULL, '2025-06-22 02:43:43', '2025-06-22 02:43:43'),
('FKS000041', NULL, 'Ellis Januar', 'wacanakarja@hotmail.com', '$2b$10$BG4cSRYf1JB6nDdc.TPH2uBbteCuVWp2nsP5ewnVbLbVRuImRUKme', 'users', NULL, NULL, '2025-06-22 02:43:43', '2025-06-22 02:43:43'),
('FKS000042', NULL, 'Ibrani Rahayu', 'cakrabirawa00@yahoo.com', '$2b$10$75ICxpBOn88IZ4/zmteDHOj2hq67TY9CW3rylaU2ejTW/ciqpw2Cq', 'users', NULL, NULL, '2025-06-22 02:43:43', '2025-06-22 02:43:43'),
('FKS000043', NULL, 'Yosef Siregar', 'ramapalastri@hotmail.com', '$2b$10$hf4sWyQyzQM9yILE9Wi17OySNpgiaS1aJ.K2HXjpc9F//mFYbII2q', 'users', NULL, NULL, '2025-06-22 02:43:43', '2025-06-22 02:43:43'),
('FKS000044', NULL, 'Tiara Susanti, S.Pt', 'saifulsafitri@hotmail.com', '$2b$10$fkrRLVGlKjP6I8tjo5rd4.LZfigAQ7/OF6Oqj1lG1gmMRHl8Bt766', 'users', NULL, NULL, '2025-06-22 02:43:43', '2025-06-22 02:43:43'),
('FKS000045', NULL, 'Shania Rahayu', 'darijan06@yahoo.com', '$2b$10$vCfkWl.lx5rI26WDThjnM./JA.jFSme/nyMCjmAaP/Zab7ZXfB/gq', 'users', NULL, NULL, '2025-06-22 02:43:43', '2025-06-22 02:43:43'),
('FKS000046', NULL, 'Titin Winarsih', 'margana09@gmail.com', '$2b$10$CKltbhsUwTwQVu3w2YhZcuNv0YRiLi6JJbh7QSjSslpmkPOKN/8Ui', 'users', NULL, NULL, '2025-06-22 02:43:43', '2025-06-22 02:43:43'),
('FKS000047', NULL, 'Umi Kuswoyo', 'danuja20@perum.gov', '$2b$10$zPTbtnR15PGSAghkFhrFVuOyEiGkAQUZgZHDoD7XNPBrm9weHfAFK', 'users', NULL, NULL, '2025-06-22 02:43:43', '2025-06-22 02:43:43'),
('FKS000048', NULL, 'Dinda Pertiwi', 'mumpuni20@hotmail.com', '$2b$10$naDO0bMY5orBNd9vDQQsae6jS/Wtf9wZ4cCeUjTcL.Gv4Dc12QlZ6', 'users', NULL, NULL, '2025-06-22 02:43:43', '2025-06-22 02:43:43'),
('FKS000049', NULL, 'Hamzah Ardianto', 'ikhsanwibowo@yahoo.com', '$2b$10$/mNHaBYcXHFbG7WqmzJPhuAuJYYZSw2q2c4SkTWKTVj/mKGTdPsOi', 'users', NULL, NULL, '2025-06-22 02:43:43', '2025-06-22 02:43:43'),
('FKS000050', NULL, 'Pia Sinaga', 'mahdidabukke@gmail.com', '$2b$10$dVOJJAB0i/BsugzUR5uNQuxQLHpZd3/s.MTkVZ9qDfC3pwTl7dMIG', 'users', NULL, NULL, '2025-06-22 02:43:43', '2025-06-22 02:43:43'),
('FKS000051', NULL, 'dr. Harimurti Prasetyo', 'chandra67@yahoo.com', '$2b$10$/edGiyBfrF7GE7Cm5UIzPuftVXlVcanR3u2DlUIiO0ujwqUpMR9qe', 'users', NULL, NULL, '2025-06-22 02:43:43', '2025-06-22 02:43:43'),
('FKS000052', NULL, 'Warsita Kuswoyo', 'jatmikosimanjuntak@gmail.com', '$2b$10$NKRiGQytnnavlHG3ohLAyOj4Iocy2S4qt43grvDJySsuy/hfiPUFm', 'users', NULL, NULL, '2025-06-22 02:43:43', '2025-06-22 02:43:43'),
('FKS000053', NULL, 'R.A. Maria Saptono', 'idawinarno@gmail.com', '$2b$10$YTclVb7sY6K.98hxt39spOayNZ6pjtxxbAJ8q0vNeP.jWnBSpGBJq', 'users', NULL, NULL, '2025-06-22 02:43:43', '2025-06-22 02:43:43'),
('FKS000054', NULL, 'Opan Agustina', 'januarsabrina@yahoo.com', '$2b$10$5D6qPdyVVtpodkG8yQG8/e0.RwefziBp.JafKkhkDYtoBY8zcWwiu', 'users', NULL, NULL, '2025-06-22 02:43:43', '2025-06-22 02:43:43'),
('FKS000055', NULL, 'Zelda Prastuti', 'cawukwaluyo@perum.net', '$2b$10$EsCsNWSvXOkBCyzw4gVXw.Y2xrYJhW6n9FyJkCz1TbjDCkUGREP1i', 'users', NULL, NULL, '2025-06-22 02:43:43', '2025-06-22 02:43:43'),
('FKS000056', NULL, 'Dt. Darijan Waluyo', 'rosmanwijayanti@hotmail.com', '$2b$10$ehfKal0nNJfG9TiTrdB1NuQi6uVsFoqlF3Zy2gZvtM.1Ig2M6Tana', 'users', NULL, NULL, '2025-06-22 02:43:43', '2025-06-22 02:43:43'),
('FKS000057', NULL, 'Wadi Marpaung', 'saptonoumay@perum.go.id', '$2b$10$/yu.Y0vw7ZPcp15.E7XnKOwvFniEluKRDuiCzEiaRUW0fccxeG8by', 'users', NULL, NULL, '2025-06-22 02:43:43', '2025-06-22 02:43:43'),
('FKS000058', NULL, 'Tami Fujiati', 'nnovitasari@yahoo.com', '$2b$10$1LSsiaFOVJBxU2EaWPo50.Lv8cKO9e4PXw3bzpukpVEE0Egin9/0.', 'users', NULL, NULL, '2025-06-22 02:43:43', '2025-06-22 02:43:43'),
('FKS000059', NULL, 'Drs. Dian Hastuti', 'halimyance@gmail.com', '$2b$10$OT4awQdNJ88D0llbhmGK8uegLN3wSjyc9cAihvGc.WmYOp2LZQqni', 'users', NULL, NULL, '2025-06-22 02:43:43', '2025-06-22 02:43:43'),
('FKS000060', NULL, 'Jayadi Safitri', 'habibiputu@pd.desa.id', '$2b$10$Jzx2ysOVIgCLIfO3pVmY.OwQpZwZYyHcFGsQ/m6NGlRUYbpW6m0l.', 'users', NULL, NULL, '2025-06-22 02:43:43', '2025-06-22 02:43:43'),
('FKS000061', NULL, 'Belinda Winarno', 'waluyo59@yahoo.com', '$2b$10$KiNMHTizUSQPToJ6E9GHouTHOUX9cq5ZXUgmx2DZXE4TJUOuIWyaq', 'users', NULL, NULL, '2025-06-22 02:43:43', '2025-06-22 02:43:43'),
('FKS000062', NULL, 'Harjasa Kuswandari', 'wibowocagak@pd.net.id', '$2b$10$HpQyLwFHe0zoWL8anGjV8.4g9.pHcrJHTNIaDH3b0APIlK7ZIVwj6', 'users', NULL, NULL, '2025-06-22 02:43:43', '2025-06-22 02:43:43'),
('FKS000063', NULL, 'Danuja Sudiati', 'dartono23@pd.web.id', '$2b$10$GqON15srhuUACPiMrE4Q5.zvp8FkioMhTWKZbRjuRMXH7AhghNG5W', 'users', NULL, NULL, '2025-06-22 02:43:43', '2025-06-22 02:43:43'),
('FKS000064', NULL, 'Kayla Nasyidah', 'martaka10@ud.org', '$2b$10$8D3GPOgYPySdY9dZyPb09uQWXju0kJDPz0kidmuS1vK0hDQVND8cO', 'users', NULL, NULL, '2025-06-22 02:43:43', '2025-06-22 02:43:43'),
('FKS000065', NULL, 'Rendy Rajata, S.Ked', 'eva32@pd.int', '$2b$10$2uw1Hmb7xQ6HUMXZIu9vTudKEnZIvdHt3cJJoyR991QTezbKk2zoC', 'users', NULL, NULL, '2025-06-22 02:43:43', '2025-06-22 02:43:43'),
('FKS000066', NULL, 'Jati Padmasari', 'rajasanilam@perum.web.id', '$2b$10$G3.EUl6wWnxqvMamQ4PRoOwCSEylqHZHlULaADJdemInrggCgNij6', 'users', NULL, NULL, '2025-06-22 02:43:43', '2025-06-22 02:43:43'),
('FKS000067', NULL, 'Drs. Dian Tampubolon, S.H.', 'galuhmelani@hotmail.com', '$2b$10$L0NedtwC1eC6W1qaQ2hjK.V7arjwxS6KH/u4yc6ga5tU7/hBdMK8m', 'users', NULL, NULL, '2025-06-22 02:43:43', '2025-06-22 02:43:43'),
('FKS000068', NULL, 'Galih Sihombing, S.Pt', 'ssuwarno@cv.net.id', '$2b$10$QwSQf0aQPwZewIEla8vT6uSYlz1kgotwAEMIg0MkQU5NxLwtpLd/G', 'users', NULL, NULL, '2025-06-22 02:43:43', '2025-06-22 02:43:43'),
('FKS000069', NULL, 'Padmi Situmorang', 'hutapearahman@hotmail.com', '$2b$10$e4nQ3PiPQ8hrbGaNNyq7YepfeBRZp7ReqhptlLdaHAyG05iPBx0xW', 'users', NULL, NULL, '2025-06-22 02:43:43', '2025-06-22 02:43:43'),
('FKS000070', NULL, 'Drajat Napitupulu', 'nainggolantiara@gmail.com', '$2b$10$ZRGCnb88db475ydV93e8K..vfT./Y3TcrQb8s7ZNEvN9QBckRf8Ia', 'users', NULL, NULL, '2025-06-22 02:43:43', '2025-06-22 02:43:43'),
('FKS000071', NULL, 'Hj. Cindy Yulianti, M.Ak', 'hsaefullah@hotmail.com', '$2b$10$XR4kDWgMF9xqj8n3SIt3h.l/wNyQorKEjiBZ6HV87NGt3Oz3D4HdG', 'users', NULL, NULL, '2025-06-22 02:43:43', '2025-06-22 02:43:43'),
('FKS000072', NULL, 'Bahuwarna Prakasa', 'buyainah@pt.ponpes.id', '$2b$10$2HDGFPhOkwF/0NCBJ90Vxe.qrGAeCEhT.2REzyfq66K3YmRXk1dhW', 'users', NULL, NULL, '2025-06-22 02:43:43', '2025-06-22 02:43:43'),
('FKS000073', NULL, 'Rahmi Simbolon', 'sakapertiwi@yahoo.com', '$2b$10$ABXBIWLUMWVBWokerdvabu0tefA31ywOfQtrIrylV8MHckqogxlki', 'users', NULL, NULL, '2025-06-22 02:43:43', '2025-06-22 02:43:43'),
('FKS000074', NULL, 'Sutan Naradi Pertiwi, S.E.', 'fyuliarti@hotmail.com', '$2b$10$C8OVSETZhfdVhprm/HCk6utXo1ehJbgnuoaFknyl5RATT0TbGj9Qm', 'users', NULL, NULL, '2025-06-22 02:43:43', '2025-06-22 02:43:43'),
('FKS000075', NULL, 'Margana Rajasa', 'xpratama@cv.biz.id', '$2b$10$muC/FVKE8mTZXFJLEt0ZiepEYNiU6D91d/.T.YJZbC/VTU9BNs6fe', 'users', NULL, NULL, '2025-06-22 02:43:43', '2025-06-22 02:43:43'),
('FKS000076', NULL, 'Jagapati Susanti', 'novadabukke@cv.mil.id', '$2b$10$26hmtOD2Jc6gFo9HLzwPRehQou9u7EPEdxPe5bRtl2T5rBEkWpBWO', 'users', NULL, NULL, '2025-06-22 02:43:43', '2025-06-22 02:43:43'),
('FKS000077', NULL, 'Sutan Darmaji Hutapea', 'kartikamansur@hotmail.com', '$2b$10$Nx8SJxGdb84Z.r42rr5BKeCWFQQB20ORnvtPx30/oL4W2gxPSX9yq', 'users', NULL, NULL, '2025-06-22 02:43:43', '2025-06-22 02:43:43'),
('FKS000078', NULL, 'Ida Suryatmi', 'anggrainidipa@pt.gov', '$2b$10$YmPo301GbcBBLAnzoKiptOG4ASiTh1gbMMnGbMTDnFdrqtldOptHu', 'users', NULL, NULL, '2025-06-22 02:43:43', '2025-06-22 02:43:43'),
('FKS000079', NULL, 'Ami Gunawan', 'maimunah77@cv.mil.id', '$2b$10$3sbcREqbKpzq6RRU0XSsJeHN0fdKf9VOg.5G4MAMSyA4Tso9tH8WG', 'users', NULL, NULL, '2025-06-22 02:43:43', '2025-06-22 02:43:43'),
('FKS000080', NULL, 'Puji Suryatmi', 'oni78@yahoo.com', '$2b$10$tORtqvHSwGgRPwxBSlpP0.iZpdgz8JS.WINfYw8N4wVmLjSggCUZW', 'users', NULL, NULL, '2025-06-22 02:43:43', '2025-06-22 02:43:43'),
('FKS000081', NULL, 'Jaka Padmasari', 'rajataclara@gmail.com', '$2b$10$AzRjQacqTllWboTpxZiumu37eY6bjVv2P1X/8grPjWZYwv308aCBi', 'users', NULL, NULL, '2025-06-22 02:43:43', '2025-06-22 02:43:43'),
('FKS000082', NULL, 'Gamanto Hastuti', 'hana11@pd.sch.id', '$2b$10$fpsTNodydXVDurZtsmMKYOLdJ.dhtffIfflv9pY6BOMlyspgug00y', 'users', NULL, NULL, '2025-06-22 02:43:43', '2025-06-22 02:43:43'),
('FKS000083', NULL, 'Cagak Zulkarnain', 'mulyantomahendra@pt.sch.id', '$2b$10$1MbotWofsj2fO.4nxuVyP.P4Ucaqf0tKiOCz.Y7fvnPjvmf0EEGNy', 'users', NULL, NULL, '2025-06-22 02:43:43', '2025-06-22 02:43:43'),
('FKS000084', NULL, 'Yuliana Nurdiyanti', 'zulfaiswahyudi@gmail.com', '$2b$10$GMrqrwELNWpmtj.0bTLUie1BLIlrU20Cx885wOY7zq464qlBp2aSy', 'users', NULL, NULL, '2025-06-22 02:43:43', '2025-06-22 02:43:43'),
('FKS000085', NULL, 'R.A. Janet Rahmawati', 'gsiregar@yahoo.com', '$2b$10$afya2j62thJapOLygOKcWOaXeiOl3lMgtKClh7WnY2EhL4wIR1.EK', 'users', NULL, NULL, '2025-06-22 02:43:43', '2025-06-22 02:43:43'),
('FKS000086', NULL, 'Balijan Napitupulu', 'lalita34@hotmail.com', '$2b$10$ScwYRL7XVkuuO4.ZgoX/y.Vbn33m1RgSC981RrXp3nBvSaQ84CWbO', 'users', NULL, NULL, '2025-06-22 02:43:43', '2025-06-22 02:43:43'),
('FKS000087', NULL, 'R. Uchita Prayoga, S.Farm', 'mulyaniakarsana@gmail.com', '$2b$10$bGG7htdnV1zEA8qh5vnkX.xTYulaOB/znTcKflFJbhuqklPa7z.5.', 'users', NULL, NULL, '2025-06-22 02:43:43', '2025-06-22 02:43:43'),
('FKS000088', NULL, 'Hj. Uchita Pangestu', 'cager79@hotmail.com', '$2b$10$UfSbOEVJuTlM9R2sWlKH2.aU4.TNVbQzUsgYsABTw5DLLAhiF9HjW', 'users', NULL, NULL, '2025-06-22 02:43:43', '2025-06-22 02:43:43'),
('FKS000089', NULL, 'Kardi Thamrin', 'whastuti@yahoo.com', '$2b$10$PKCRB.vQSMiSR/dbrLwh4ecYnv3RtGRUmZ.98DhBrJi1iY3mn1cDS', 'users', NULL, NULL, '2025-06-22 02:43:43', '2025-06-22 02:43:43'),
('FKS000090', NULL, 'Cut Faizah Mustofa', 'luthfi35@yahoo.com', '$2b$10$hM8fOuHk10PlkEDfbexh2.PVMdCTJSXsfayjK2xD302CBFrKBTQCi', 'users', NULL, NULL, '2025-06-22 02:43:43', '2025-06-22 02:43:43'),
('FKS000091', NULL, 'Puti Carla Winarno, S.IP', 'erik59@hotmail.com', '$2b$10$31t1ml8K1Jev6i1sVqzt4eEYnDeSo8lRrNADMl8kMPDKBvFGectma', 'users', NULL, NULL, '2025-06-22 02:43:43', '2025-06-22 02:43:43'),
('FKS000092', NULL, 'Kayla Simbolon', 'wasitaikhsan@yahoo.com', '$2b$10$ldI9h6iReeXuItl/F40ePuCkSrkWcVbH70OaAvbuwr/24pL3o5bPW', 'users', NULL, NULL, '2025-06-22 02:43:43', '2025-06-22 02:43:43'),
('FKS000093', NULL, 'Uchita Andriani', 'putrajatmiko@pd.sch.id', '$2b$10$mwYbzuLorA8M7Q8VPGCD0uho0R8rPJU7mc.EGcWlSqM.s97BAY2Oe', 'users', NULL, NULL, '2025-06-22 02:43:43', '2025-06-22 02:43:43'),
('FKS000094', NULL, 'Raina Hutasoit', 'chalimah@ud.ponpes.id', '$2b$10$/uSefji3NV0xRu9JHF.p7OJdayQJpkut9fTBAbr7m1ai6k9MmRUsa', 'users', NULL, NULL, '2025-06-22 02:43:43', '2025-06-22 02:43:43'),
('FKS000095', NULL, 'Drajat Nababan, S.Pd', 'esihotang@ud.sch.id', '$2b$10$Y4S7GbTkUNNLgOD9zZece.I9nuE6p2jFt7j4SHdqajKA59rouV.36', 'users', NULL, NULL, '2025-06-22 02:43:43', '2025-06-22 02:43:43'),
('FKS000096', NULL, 'Pia Padmasari, S.Pd', 'jsimanjuntak@perum.or.id', '$2b$10$AgoIvm/LqsxWI6h40odYMeTotLY3vWmc.7eVz4XjzX/QEAXeuvU6a', 'users', NULL, NULL, '2025-06-22 02:43:43', '2025-06-22 02:43:43'),
('FKS000097', NULL, 'Gina Kuswandari, M.Pd', 'rpalastri@pd.mil.id', '$2b$10$eCXoEIfzWKsfOwmUq/FOu.67/elnBc5gQpB4t31mgYncrMmPjbUdG', 'users', NULL, NULL, '2025-06-22 02:43:43', '2025-06-22 02:43:43'),
('FKS000098', NULL, 'Puti Amelia Marpaung, S.Pd', 'chelsea09@yahoo.com', '$2b$10$tKPS6FRXEXvaIlLA4qmdx.DH.bGj5GeNwcRJvjL./v9TBFA16qsVS', 'users', NULL, NULL, '2025-06-22 02:43:43', '2025-06-22 02:43:43'),
('FKS000099', NULL, 'Adika Simanjuntak', 'laksmiwatimursita@pd.biz.id', '$2b$10$nD5IiyLfR80vM.PhdP8QOuZHApLmbd9ZqxMVxTFoVZtVdU6Kwei.C', 'users', NULL, NULL, '2025-06-22 02:43:43', '2025-06-22 02:43:43'),
('FKS000100', NULL, 'Wakiman Nashiruddin', 'susantimarwata@pd.my.id', '$2b$10$Uye4qBcmV8fRIYuaaE9BGO2RRKu6Km8Ja4fRoxDKl8lkGVsIEZ.t2', 'users', NULL, NULL, '2025-06-22 02:43:43', '2025-06-22 02:43:43'),
('FKS000101', NULL, 'Ardiansyah Nugroho', 'ardiansyah.nugroho@example.com', '$2b$10$aXNvkE1Py8dNwVSoBm9FiO2dxB0iKbY61.N6AsDuPoYIHJmxh5dhi', 'users', NULL, NULL, '2025-06-22 08:12:13', '2025-06-22 08:12:13'),
('FKS000102', NULL, 'Bella Salsabila', 'bella.salsabila@example.com', '$2b$10$AGclHkDOyALuufdwKXf7VuVB8/rTh1tRXa4jxMrCHOrf95cdWEZNi', 'users', NULL, NULL, '2025-06-22 08:12:13', '2025-06-22 08:12:13'),
('FKS000103', NULL, 'Chairul Anwar', 'chairul.anwar@example.com', '$2b$10$8RbSIB2LD7MjgfhF.4d.AOgr.SQ8Mq5hQlQgb8kNRDK63VClZigfe', 'users', NULL, NULL, '2025-06-22 08:12:13', '2025-06-22 08:12:13'),
('FKS000104', NULL, 'Dewi Kurniasari', 'dewi.kurniasari@example.com', '$2b$10$6LuDZyrWbYwL8NcRi/WHOeYIUy73Ets9O6fbWwojPjUcG2T3U4/lG', 'users', NULL, NULL, '2025-06-22 08:12:13', '2025-06-22 08:12:13'),
('FKS000105', NULL, 'Erwin Prakoso', 'erwin.prakoso@example.com', '$2b$10$XDObOVb64.Fcz..mLynpke0pY.XAVO.nuk5jGkJzq/64pejjuOF3y', 'users', NULL, NULL, '2025-06-22 08:12:13', '2025-06-22 08:12:13'),
('FKS000106', NULL, 'Farah Anindya', 'farah.anindya@example.com', '$2b$10$o45QT.qcZ4tQBsRJd6/jPOriygUVqrgQUI7UV2nqBqHqQN4rgn/Rq', 'users', NULL, NULL, '2025-06-22 08:12:13', '2025-06-22 08:12:13'),
('FKS000107', NULL, 'Galang Mahesa', 'galang.mahesa@example.com', '$2b$10$haeVSNw94YHfpovfsbbzOuRA7ow/FD7sbrgjvi9tHTSCDlKta/Uny', 'users', NULL, NULL, '2025-06-22 08:12:13', '2025-06-22 08:12:13'),
('FKS000108', NULL, 'Hana Safitri', 'hana.safitri@example.com', '$2b$10$Q5fvXGZrMZbSl5DU2XMM2esQEpGkuiPjzptFmAqqsP6eAn96qT8IC', 'users', NULL, NULL, '2025-06-22 08:12:13', '2025-06-22 08:12:13'),
('FKS000109', NULL, 'Ivan Wirawan', 'ivan.wirawan@example.com', '$2b$10$dUB4r80T34kmF4Cl/34sJu3eanJh3.aKdDEB.a82nep4.X0z2AG7e', 'users', NULL, NULL, '2025-06-22 08:12:13', '2025-06-22 08:12:13');

--
-- Indexes for dumped tables
--

--
-- Indeks untuk tabel `angkatan`
--
ALTER TABLE `angkatan`
  ADD PRIMARY KEY (`id_angkatan`);

--
-- Indeks untuk tabel `dokumen_pendaftaran`
--
ALTER TABLE `dokumen_pendaftaran`
  ADD PRIMARY KEY (`id`),
  ADD UNIQUE KEY `user_id` (`user_id`),
  ADD KEY `id_pendaftaran` (`id_pendaftaran`);

--
-- Indeks untuk tabel `login_logs`
--
ALTER TABLE `login_logs`
  ADD PRIMARY KEY (`id`),
  ADD KEY `user_id` (`user_id`) USING BTREE;

--
-- Indeks untuk tabel `pembayaran`
--
ALTER TABLE `pembayaran`
  ADD PRIMARY KEY (`id`),
  ADD KEY `user_id` (`user_id`),
  ADD KEY `id_pendaftaran` (`id_pendaftaran`);

--
-- Indeks untuk tabel `pendaftaran`
--
ALTER TABLE `pendaftaran`
  ADD PRIMARY KEY (`id_pendaftaran`),
  ADD UNIQUE KEY `id_user` (`id_user`) USING BTREE,
  ADD KEY `id_seleksi` (`id_seleksi`);

--
-- Indeks untuk tabel `prodi`
--
ALTER TABLE `prodi`
  ADD PRIMARY KEY (`id_prodi`);

--
-- Indeks untuk tabel `prodi_seleksi`
--
ALTER TABLE `prodi_seleksi`
  ADD PRIMARY KEY (`id`),
  ADD KEY `id_prodi` (`id_prodi`),
  ADD KEY `id_seleksi` (`id_seleksi`);

--
-- Indeks untuk tabel `seleksi`
--
ALTER TABLE `seleksi`
  ADD PRIMARY KEY (`id_seleksi`);

--
-- Indeks untuk tabel `users`
--
ALTER TABLE `users`
  ADD PRIMARY KEY (`id`),
  ADD UNIQUE KEY `email` (`email`),
  ADD UNIQUE KEY `user_id` (`user_id`) USING BTREE,
  ADD KEY `id_angkatan` (`id_angkatan`),
  ADD KEY `id_prodi` (`id_prodi`);

--
-- AUTO_INCREMENT untuk tabel yang dibuang
--

--
-- AUTO_INCREMENT untuk tabel `dokumen_pendaftaran`
--
ALTER TABLE `dokumen_pendaftaran`
  MODIFY `id` bigint(20) NOT NULL AUTO_INCREMENT, AUTO_INCREMENT=124;

--
-- AUTO_INCREMENT untuk tabel `login_logs`
--
ALTER TABLE `login_logs`
  MODIFY `id` int(11) NOT NULL AUTO_INCREMENT, AUTO_INCREMENT=112;

--
-- AUTO_INCREMENT untuk tabel `pembayaran`
--
ALTER TABLE `pembayaran`
  MODIFY `id` bigint(20) NOT NULL AUTO_INCREMENT, AUTO_INCREMENT=112;

--
-- AUTO_INCREMENT untuk tabel `pendaftaran`
--
ALTER TABLE `pendaftaran`
  MODIFY `id_pendaftaran` bigint(20) NOT NULL AUTO_INCREMENT, AUTO_INCREMENT=114;

--
-- AUTO_INCREMENT untuk tabel `prodi_seleksi`
--
ALTER TABLE `prodi_seleksi`
  MODIFY `id` int(11) NOT NULL AUTO_INCREMENT, AUTO_INCREMENT=14;

--
-- AUTO_INCREMENT untuk tabel `seleksi`
--
ALTER TABLE `seleksi`
  MODIFY `id_seleksi` int(11) NOT NULL AUTO_INCREMENT, AUTO_INCREMENT=7;

--
-- Ketidakleluasaan untuk tabel pelimpahan (Dumped Tables)
--

--
-- Ketidakleluasaan untuk tabel `dokumen_pendaftaran`
--
ALTER TABLE `dokumen_pendaftaran`
  ADD CONSTRAINT `dokumen_pendaftaran_ibfk_1` FOREIGN KEY (`user_id`) REFERENCES `users` (`id`) ON DELETE CASCADE ON UPDATE CASCADE,
  ADD CONSTRAINT `dokumen_pendaftaran_ibfk_2` FOREIGN KEY (`id_pendaftaran`) REFERENCES `pendaftaran` (`id_pendaftaran`) ON DELETE CASCADE ON UPDATE CASCADE;

--
-- Ketidakleluasaan untuk tabel `login_logs`
--
ALTER TABLE `login_logs`
  ADD CONSTRAINT `login_logs_ibfk_1` FOREIGN KEY (`user_id`) REFERENCES `users` (`id`) ON DELETE CASCADE ON UPDATE CASCADE;

--
-- Ketidakleluasaan untuk tabel `pembayaran`
--
ALTER TABLE `pembayaran`
  ADD CONSTRAINT `pembayaran_ibfk_1` FOREIGN KEY (`user_id`) REFERENCES `users` (`id`) ON DELETE CASCADE ON UPDATE CASCADE,
  ADD CONSTRAINT `pembayaran_ibfk_2` FOREIGN KEY (`id_pendaftaran`) REFERENCES `pendaftaran` (`id_pendaftaran`) ON DELETE CASCADE ON UPDATE CASCADE;

--
-- Ketidakleluasaan untuk tabel `pendaftaran`
--
ALTER TABLE `pendaftaran`
  ADD CONSTRAINT `pendaftaran_ibfk_1` FOREIGN KEY (`id_user`) REFERENCES `users` (`id`) ON DELETE CASCADE ON UPDATE CASCADE;

--
-- Ketidakleluasaan untuk tabel `prodi_seleksi`
--
ALTER TABLE `prodi_seleksi`
  ADD CONSTRAINT `prodi_seleksi_ibfk_2` FOREIGN KEY (`id_seleksi`) REFERENCES `seleksi` (`id_seleksi`) ON DELETE CASCADE ON UPDATE CASCADE,
  ADD CONSTRAINT `prodi_seleksi_ibfk_3` FOREIGN KEY (`id_prodi`) REFERENCES `prodi` (`id_prodi`) ON DELETE CASCADE ON UPDATE CASCADE;

--
-- Ketidakleluasaan untuk tabel `users`
--
ALTER TABLE `users`
  ADD CONSTRAINT `users_ibfk_1` FOREIGN KEY (`id_angkatan`) REFERENCES `angkatan` (`id_angkatan`) ON DELETE CASCADE ON UPDATE CASCADE,
  ADD CONSTRAINT `users_ibfk_2` FOREIGN KEY (`id_prodi`) REFERENCES `prodi` (`id_prodi`);
COMMIT;

/*!40101 SET CHARACTER_SET_CLIENT=@OLD_CHARACTER_SET_CLIENT */;
/*!40101 SET CHARACTER_SET_RESULTS=@OLD_CHARACTER_SET_RESULTS */;
/*!40101 SET COLLATION_CONNECTION=@OLD_COLLATION_CONNECTION */;
